"Start Date","End Date","UseCases ID","UseCase Phase","Created"
"10/1/2025","12/31/2026","355","Idea","10/1/2025 10:34 AM"
"10/1/2025","10/20/2025","356","Idea","10/1/2025 1:18 PM"
"10/1/2025","10/4/2025","357","Idea","10/1/2025 1:52 PM"
"10/3/2025","10/6/2025","358","Idea","10/3/2025 12:30 AM"
"10/15/2025","10/13/2025","358","Diagnose","10/3/2025 12:58 AM"
"11/6/2025","11/30/2025","359","Idea","10/3/2025 1:17 AM"
"10/16/2025","10/22/2025","358","Diagnose","10/3/2025 1:31 AM"
"10/4/2025","10/31/2025","360","Idea","10/3/2025 1:50 AM"
"10/3/2025","10/6/2025","361","Idea","10/3/2025 5:16 AM"
"10/3/2025","10/6/2025","362","Idea","10/3/2025 5:28 AM"
"10/4/2025","10/31/2025","363","Idea","10/3/2025 5:34 AM"
"10/3/2025","10/13/2025","364","Idea","10/3/2025 6:10 AM"
"10/3/2025","10/5/2025","365","Idea","10/3/2025 6:18 AM"
"10/3/2025","10/31/2025","366","Idea","10/3/2025 6:46 AM"
"10/4/2025","10/5/2025","366","Diagnose","10/3/2025 6:49 AM"
"10/3/2025","10/31/2025","367","Idea","10/3/2025 6:58 AM"
"10/3/2025","10/31/2025","368","Idea","10/3/2025 7:26 AM"
"10/3/2025","11/3/2025","369","Idea","10/3/2025 10:03 AM"
"10/3/2025","10/6/2025","370","Idea","10/3/2025 12:10 PM"
"10/3/2025","10/7/2025","371","Idea","10/3/2025 1:07 PM"
"10/7/2025","10/31/2025","372","Idea","10/6/2025 1:17 AM"
"10/8/2025","10/14/2025","378","Idea","10/8/2025 1:56 AM"
"10/15/2025","10/22/2025","378","Diagnose","10/8/2025 1:58 AM"
"9/25/2025","10/25/2025","1","Idea","10/9/2025 1:40 AM"
"9/25/2025","10/25/2025","2","Idea","10/9/2025 1:40 AM"
"9/25/2025","10/25/2025","3","Idea","10/9/2025 1:40 AM"
"9/25/2025","10/25/2025","4","Idea","10/9/2025 1:41 AM"
"9/25/2025","10/25/2025","5","Idea","10/9/2025 1:41 AM"
"9/25/2025","10/25/2025","1","Idea","10/9/2025 1:45 AM"
"9/25/2025","10/25/2025","2","Idea","10/9/2025 1:45 AM"
"9/25/2025","10/25/2025","3","Idea","10/9/2025 1:45 AM"
"9/25/2025","10/25/2025","4","Idea","10/9/2025 1:45 AM"
"9/25/2025","10/25/2025","5","Idea","10/9/2025 1:45 AM"
"9/25/2025","10/25/2025","1","Idea","10/9/2025 4:34 AM"
"9/25/2025","10/25/2025","2","Idea","10/9/2025 4:34 AM"
"9/25/2025","10/25/2025","3","Idea","10/9/2025 4:34 AM"
"9/25/2025","10/25/2025","4","Idea","10/9/2025 4:34 AM"
"9/25/2025","10/25/2025","5","Idea","10/9/2025 4:34 AM"
"9/25/2025","10/25/2025","1","Idea","10/9/2025 4:39 AM"
"9/25/2025","10/25/2025","2","Idea","10/9/2025 4:39 AM"
"9/25/2025","10/25/2025","3","Idea","10/9/2025 4:39 AM"
"9/25/2025","10/25/2025","4","Idea","10/9/2025 4:39 AM"
"9/25/2025","10/25/2025","5","Idea","10/9/2025 4:39 AM"
"9/25/2025","10/25/2025","6","Idea","10/9/2025 4:39 AM"
"9/25/2025","10/25/2025","7","Idea","10/9/2025 4:39 AM"
"9/25/2025","10/25/2025","8","Idea","10/9/2025 4:39 AM"
"9/25/2025","10/25/2025","9","Idea","10/9/2025 4:39 AM"
"10/25/2025","11/24/2025","9","Diagnose","10/9/2025 4:39 AM"
"11/24/2025","12/24/2025","9","Design","10/9/2025 4:39 AM"
"12/24/2025","1/23/2026","9","Implemented","10/9/2025 4:39 AM"
"9/25/2025","10/25/2025","10","Idea","10/9/2025 4:39 AM"
"10/25/2025","11/24/2025","10","Diagnose","10/9/2025 4:39 AM"
"11/24/2025","12/24/2025","10","Design","10/9/2025 4:39 AM"
"12/24/2025","1/23/2026","10","Implemented","10/9/2025 4:39 AM"
"9/25/2025","10/25/2025","11","Idea","10/9/2025 4:39 AM"
"10/25/2025","11/24/2025","11","Diagnose","10/9/2025 4:39 AM"
"11/24/2025","12/24/2025","11","Design","10/9/2025 4:39 AM"
"12/24/2025","1/23/2026","11","Implemented","10/9/2025 4:39 AM"
"9/25/2025","10/25/2025","12","Idea","10/9/2025 4:39 AM"
"10/25/2025","11/24/2025","12","Diagnose","10/9/2025 4:39 AM"
"11/24/2025","12/24/2025","12","Design","10/9/2025 4:39 AM"
"12/24/2025","1/23/2026","12","Implemented","10/9/2025 4:40 AM"
"9/25/2025","10/25/2025","13","Idea","10/9/2025 4:40 AM"
"10/25/2025","11/24/2025","13","Diagnose","10/9/2025 4:40 AM"
"11/24/2025","12/24/2025","13","Design","10/9/2025 4:40 AM"
"12/24/2025","1/23/2026","13","Implemented","10/9/2025 4:40 AM"
"9/25/2025","10/25/2025","14","Idea","10/9/2025 4:40 AM"
"10/25/2025","11/24/2025","14","Diagnose","10/9/2025 4:40 AM"
"9/25/2025","10/25/2025","15","Idea","10/9/2025 4:40 AM"
"10/25/2025","11/24/2025","15","Diagnose","10/9/2025 4:40 AM"
"11/24/2025","12/24/2025","15","Design","10/9/2025 4:40 AM"
"12/24/2025","1/23/2026","15","Implemented","10/9/2025 4:40 AM"
"9/25/2025","10/25/2025","16","Idea","10/9/2025 4:40 AM"
"10/25/2025","11/24/2025","16","Diagnose","10/9/2025 4:40 AM"
"11/24/2025","12/24/2025","16","Design","10/9/2025 4:40 AM"
"9/25/2025","10/25/2025","17","Idea","10/9/2025 4:40 AM"
"10/25/2025","11/24/2025","17","Diagnose","10/9/2025 4:40 AM"
"11/24/2025","12/24/2025","17","Design","10/9/2025 4:40 AM"
"12/24/2025","1/23/2026","17","Implemented","10/9/2025 4:40 AM"
"9/25/2025","10/25/2025","18","Idea","10/9/2025 4:40 AM"
"10/25/2025","11/24/2025","18","Diagnose","10/9/2025 4:40 AM"
"9/25/2025","10/25/2025","19","Idea","10/9/2025 4:40 AM"
"10/25/2025","11/24/2025","19","Diagnose","10/9/2025 4:40 AM"
"11/24/2025","12/24/2025","19","Design","10/9/2025 4:40 AM"
"12/24/2025","1/23/2026","19","Implemented","10/9/2025 4:40 AM"
"9/25/2025","10/25/2025","20","Idea","10/9/2025 4:40 AM"
"10/25/2025","11/24/2025","20","Diagnose","10/9/2025 4:40 AM"
"11/24/2025","12/24/2025","20","Design","10/9/2025 4:40 AM"
"12/24/2025","1/23/2026","20","Implemented","10/9/2025 4:40 AM"
"9/25/2025","10/25/2025","21","Idea","10/9/2025 4:40 AM"
"10/25/2025","11/24/2025","21","Diagnose","10/9/2025 4:40 AM"
"9/25/2025","10/25/2025","22","Idea","10/9/2025 4:40 AM"
"10/25/2025","11/24/2025","22","Diagnose","10/9/2025 4:40 AM"
"11/24/2025","12/24/2025","22","Design","10/9/2025 4:40 AM"
"9/25/2025","10/25/2025","23","Idea","10/9/2025 4:40 AM"
"10/25/2025","11/24/2025","23","Diagnose","10/9/2025 4:40 AM"
"11/24/2025","12/24/2025","23","Design","10/9/2025 4:40 AM"
"12/24/2025","1/23/2026","23","Implemented","10/9/2025 4:40 AM"
"9/25/2025","10/25/2025","24","Idea","10/9/2025 4:40 AM"
"10/25/2025","11/24/2025","24","Diagnose","10/9/2025 4:40 AM"
"11/24/2025","12/24/2025","24","Design","10/9/2025 4:40 AM"
"12/24/2025","1/23/2026","24","Implemented","10/9/2025 4:40 AM"
"9/25/2025","10/25/2025","25","Idea","10/9/2025 4:40 AM"
"10/25/2025","11/24/2025","25","Diagnose","10/9/2025 4:40 AM"
"11/24/2025","12/24/2025","25","Design","10/9/2025 4:40 AM"
"12/24/2025","1/23/2026","25","Implemented","10/9/2025 4:40 AM"
"9/25/2025","10/25/2025","26","Idea","10/9/2025 4:40 AM"
"10/25/2025","11/24/2025","26","Diagnose","10/9/2025 4:40 AM"
"11/24/2025","12/24/2025","26","Design","10/9/2025 4:40 AM"
"12/24/2025","1/23/2026","26","Implemented","10/9/2025 4:40 AM"
"9/25/2025","10/25/2025","27","Idea","10/9/2025 4:40 AM"
"10/25/2025","11/24/2025","27","Diagnose","10/9/2025 4:40 AM"
"9/25/2025","10/25/2025","28","Idea","10/9/2025 4:40 AM"
"10/25/2025","11/24/2025","28","Diagnose","10/9/2025 4:40 AM"
"11/24/2025","12/24/2025","28","Design","10/9/2025 4:40 AM"
"12/24/2025","1/23/2026","28","Implemented","10/9/2025 4:40 AM"
"9/25/2025","10/25/2025","29","Idea","10/9/2025 4:40 AM"
"10/25/2025","11/24/2025","29","Diagnose","10/9/2025 4:40 AM"
"11/24/2025","12/24/2025","29","Design","10/9/2025 4:40 AM"
"12/24/2025","1/23/2026","29","Implemented","10/9/2025 4:40 AM"
"9/25/2025","10/25/2025","30","Idea","10/9/2025 4:40 AM"
"10/25/2025","11/24/2025","30","Diagnose","10/9/2025 4:40 AM"
"11/24/2025","12/24/2025","30","Design","10/9/2025 4:40 AM"
"12/24/2025","1/23/2026","30","Implemented","10/9/2025 4:40 AM"
"9/25/2025","10/25/2025","31","Idea","10/9/2025 4:40 AM"
"10/25/2025","11/24/2025","31","Diagnose","10/9/2025 4:40 AM"
"11/24/2025","12/24/2025","31","Design","10/9/2025 4:40 AM"
"12/24/2025","1/23/2026","31","Implemented","10/9/2025 4:40 AM"
"9/25/2025","10/25/2025","32","Idea","10/9/2025 4:40 AM"
"10/25/2025","11/24/2025","32","Diagnose","10/9/2025 4:40 AM"
"11/24/2025","12/24/2025","32","Design","10/9/2025 4:40 AM"
"9/25/2025","10/25/2025","33","Idea","10/9/2025 4:40 AM"
"10/25/2025","11/24/2025","33","Diagnose","10/9/2025 4:40 AM"
"11/24/2025","12/24/2025","33","Design","10/9/2025 4:40 AM"
"12/24/2025","1/23/2026","33","Implemented","10/9/2025 4:40 AM"
"9/25/2025","10/25/2025","34","Idea","10/9/2025 4:40 AM"
"10/25/2025","11/24/2025","34","Diagnose","10/9/2025 4:40 AM"
"11/24/2025","12/24/2025","34","Design","10/9/2025 4:40 AM"
"12/24/2025","1/23/2026","34","Implemented","10/9/2025 4:40 AM"
"9/25/2025","10/25/2025","35","Idea","10/9/2025 4:40 AM"
"10/25/2025","11/24/2025","35","Diagnose","10/9/2025 4:40 AM"
"11/24/2025","12/24/2025","35","Design","10/9/2025 4:40 AM"
"12/24/2025","1/23/2026","35","Implemented","10/9/2025 4:40 AM"
"9/25/2025","10/25/2025","36","Idea","10/9/2025 4:40 AM"
"10/25/2025","11/24/2025","36","Diagnose","10/9/2025 4:40 AM"
"9/25/2025","10/25/2025","37","Idea","10/9/2025 4:40 AM"
"10/25/2025","11/24/2025","37","Diagnose","10/9/2025 4:40 AM"
"9/25/2025","10/25/2025","38","Idea","10/9/2025 4:40 AM"
"10/25/2025","11/24/2025","38","Diagnose","10/9/2025 4:40 AM"
"11/24/2025","12/24/2025","38","Design","10/9/2025 4:40 AM"
"9/25/2025","10/25/2025","39","Idea","10/9/2025 4:40 AM"
"10/25/2025","11/24/2025","39","Diagnose","10/9/2025 4:40 AM"
"11/24/2025","12/24/2025","39","Design","10/9/2025 4:40 AM"
"12/24/2025","1/23/2026","39","Implemented","10/9/2025 4:40 AM"
"10/7/2025","11/6/2025","706","Idea","10/9/2025 4:40 AM"
"11/6/2025","12/6/2025","706","Diagnose","10/9/2025 4:40 AM"
"12/6/2025","1/5/2026","706","Design","10/9/2025 4:40 AM"
"1/5/2026","2/4/2026","706","Implemented","10/9/2025 4:40 AM"
"10/7/2025","11/6/2025","707","Idea","10/9/2025 4:40 AM"
"11/6/2025","12/6/2025","707","Diagnose","10/9/2025 4:40 AM"
"12/6/2025","1/5/2026","707","Design","10/9/2025 4:40 AM"
"1/5/2026","2/4/2026","707","Implemented","10/9/2025 4:40 AM"
"10/7/2025","11/6/2025","708","Idea","10/9/2025 4:40 AM"
"11/6/2025","12/6/2025","708","Diagnose","10/9/2025 4:40 AM"
"12/6/2025","1/5/2026","708","Design","10/9/2025 4:40 AM"
"1/5/2026","2/4/2026","708","Implemented","10/9/2025 4:40 AM"
"10/7/2025","11/6/2025","709","Idea","10/9/2025 4:40 AM"
"11/6/2025","12/6/2025","709","Diagnose","10/9/2025 4:40 AM"
"12/6/2025","1/5/2026","709","Design","10/9/2025 4:40 AM"
"1/5/2026","2/4/2026","709","Implemented","10/9/2025 4:40 AM"
"10/7/2025","11/6/2025","710","Idea","10/9/2025 4:40 AM"
"11/6/2025","12/6/2025","710","Diagnose","10/9/2025 4:40 AM"
"10/7/2025","11/6/2025","711","Idea","10/9/2025 4:40 AM"
"11/6/2025","12/6/2025","711","Diagnose","10/9/2025 4:40 AM"
"12/6/2025","1/5/2026","711","Design","10/9/2025 4:40 AM"
"1/5/2026","2/4/2026","711","Implemented","10/9/2025 4:40 AM"
"10/7/2025","11/6/2025","712","Idea","10/9/2025 4:40 AM"
"11/6/2025","12/6/2025","712","Diagnose","10/9/2025 4:40 AM"
"12/6/2025","1/5/2026","712","Design","10/9/2025 4:40 AM"
"1/5/2026","2/4/2026","712","Implemented","10/9/2025 4:40 AM"
"10/7/2025","11/6/2025","713","Idea","10/9/2025 4:40 AM"
"11/6/2025","12/6/2025","713","Diagnose","10/9/2025 4:40 AM"
"12/6/2025","1/5/2026","713","Design","10/9/2025 4:40 AM"
"1/5/2026","2/4/2026","713","Implemented","10/9/2025 4:40 AM"
"10/7/2025","11/6/2025","714","Idea","10/9/2025 4:40 AM"
"11/6/2025","12/6/2025","714","Diagnose","10/9/2025 4:40 AM"
"12/6/2025","1/5/2026","714","Design","10/9/2025 4:40 AM"
"1/5/2026","2/4/2026","714","Implemented","10/9/2025 4:40 AM"
"10/7/2025","11/6/2025","715","Idea","10/9/2025 4:40 AM"
"11/6/2025","12/6/2025","715","Diagnose","10/9/2025 4:40 AM"
"12/6/2025","1/5/2026","715","Design","10/9/2025 4:40 AM"
"1/5/2026","2/4/2026","715","Implemented","10/9/2025 4:40 AM"
"10/7/2025","11/6/2025","716","Idea","10/9/2025 4:40 AM"
"11/6/2025","12/6/2025","716","Diagnose","10/9/2025 4:40 AM"
"10/7/2025","11/6/2025","717","Idea","10/9/2025 4:40 AM"
"11/6/2025","12/6/2025","717","Diagnose","10/9/2025 4:41 AM"
"12/6/2025","1/5/2026","717","Design","10/9/2025 4:41 AM"
"1/5/2026","2/4/2026","717","Implemented","10/9/2025 4:41 AM"
"10/7/2025","11/6/2025","718","Idea","10/9/2025 4:41 AM"
"11/6/2025","12/6/2025","718","Diagnose","10/9/2025 4:41 AM"
"12/6/2025","1/5/2026","718","Design","10/9/2025 4:41 AM"
"1/5/2026","2/4/2026","718","Implemented","10/9/2025 4:41 AM"
"10/7/2025","11/6/2025","719","Idea","10/9/2025 4:41 AM"
"11/6/2025","12/6/2025","719","Diagnose","10/9/2025 4:41 AM"
"10/7/2025","11/6/2025","720","Idea","10/9/2025 4:41 AM"
"11/6/2025","12/6/2025","720","Diagnose","10/9/2025 4:41 AM"
"12/6/2025","1/5/2026","720","Design","10/9/2025 4:41 AM"
"1/5/2026","2/4/2026","720","Implemented","10/9/2025 4:41 AM"
"10/7/2025","11/6/2025","721","Idea","10/9/2025 4:41 AM"
"11/6/2025","12/6/2025","721","Diagnose","10/9/2025 4:41 AM"
"12/6/2025","1/5/2026","721","Design","10/9/2025 4:41 AM"
"1/5/2026","2/4/2026","721","Implemented","10/9/2025 4:41 AM"
"10/7/2025","11/6/2025","722","Idea","10/9/2025 4:41 AM"
"11/6/2025","12/6/2025","722","Diagnose","10/9/2025 4:41 AM"
"12/6/2025","1/5/2026","722","Design","10/9/2025 4:41 AM"
"1/5/2026","2/4/2026","722","Implemented","10/9/2025 4:41 AM"
"10/7/2025","11/6/2025","723","Idea","10/9/2025 4:41 AM"
"11/6/2025","12/6/2025","723","Diagnose","10/9/2025 4:41 AM"
"12/6/2025","1/5/2026","723","Design","10/9/2025 4:41 AM"
"1/5/2026","2/4/2026","723","Implemented","10/9/2025 4:41 AM"
"10/7/2025","11/6/2025","724","Idea","10/9/2025 4:41 AM"
"11/6/2025","12/6/2025","724","Diagnose","10/9/2025 4:41 AM"
"12/6/2025","1/5/2026","724","Design","10/9/2025 4:41 AM"
"1/5/2026","2/4/2026","724","Implemented","10/9/2025 4:41 AM"
"10/7/2025","11/6/2025","725","Idea","10/9/2025 4:41 AM"
"11/6/2025","12/6/2025","725","Diagnose","10/9/2025 4:41 AM"
"12/6/2025","1/5/2026","725","Design","10/9/2025 4:41 AM"
"10/7/2025","11/6/2025","726","Idea","10/9/2025 4:41 AM"
"11/6/2025","12/6/2025","726","Diagnose","10/9/2025 4:41 AM"
"12/6/2025","1/5/2026","726","Design","10/9/2025 4:41 AM"
"1/5/2026","2/4/2026","726","Implemented","10/9/2025 4:41 AM"
"10/7/2025","11/6/2025","727","Idea","10/9/2025 4:41 AM"
"11/6/2025","12/6/2025","727","Diagnose","10/9/2025 4:41 AM"
"12/6/2025","1/5/2026","727","Design","10/9/2025 4:41 AM"
"1/5/2026","2/4/2026","727","Implemented","10/9/2025 4:41 AM"
"10/7/2025","11/6/2025","728","Idea","10/9/2025 4:41 AM"
"11/6/2025","12/6/2025","728","Diagnose","10/9/2025 4:41 AM"
"12/6/2025","1/5/2026","728","Design","10/9/2025 4:41 AM"
"1/5/2026","2/4/2026","728","Implemented","10/9/2025 4:41 AM"
"10/7/2025","11/6/2025","729","Idea","10/9/2025 4:41 AM"
"11/6/2025","12/6/2025","729","Diagnose","10/9/2025 4:41 AM"
"12/6/2025","1/5/2026","729","Design","10/9/2025 4:41 AM"
"1/5/2026","2/4/2026","729","Implemented","10/9/2025 4:41 AM"
"10/7/2025","11/6/2025","730","Idea","10/9/2025 4:41 AM"
"11/6/2025","12/6/2025","730","Diagnose","10/9/2025 4:41 AM"
"10/7/2025","11/6/2025","731","Idea","10/9/2025 4:41 AM"
"11/6/2025","12/6/2025","731","Diagnose","10/9/2025 4:41 AM"
"10/7/2025","11/6/2025","732","Idea","10/9/2025 4:41 AM"
"11/6/2025","12/6/2025","732","Diagnose","10/9/2025 4:41 AM"
"12/6/2025","1/5/2026","732","Design","10/9/2025 4:41 AM"
"1/5/2026","2/4/2026","732","Implemented","10/9/2025 4:41 AM"
"10/7/2025","11/6/2025","733","Idea","10/9/2025 4:41 AM"
"11/6/2025","12/6/2025","733","Diagnose","10/9/2025 4:41 AM"
"12/6/2025","1/5/2026","733","Design","10/9/2025 4:41 AM"
"1/5/2026","2/4/2026","733","Implemented","10/9/2025 4:41 AM"
"10/7/2025","11/6/2025","734","Idea","10/9/2025 4:41 AM"
"11/6/2025","12/6/2025","734","Diagnose","10/9/2025 4:41 AM"
"12/6/2025","1/5/2026","734","Design","10/9/2025 4:41 AM"
"1/5/2026","2/4/2026","734","Implemented","10/9/2025 4:41 AM"
"10/7/2025","11/6/2025","735","Idea","10/9/2025 4:41 AM"
"11/6/2025","12/6/2025","735","Diagnose","10/9/2025 4:41 AM"
"12/6/2025","1/5/2026","735","Design","10/9/2025 4:41 AM"
"1/5/2026","2/4/2026","735","Implemented","10/9/2025 4:41 AM"
"10/7/2025","11/6/2025","736","Idea","10/9/2025 4:41 AM"
"11/6/2025","12/6/2025","736","Diagnose","10/9/2025 4:41 AM"
"12/6/2025","1/5/2026","736","Design","10/9/2025 4:41 AM"
"10/7/2025","11/6/2025","737","Idea","10/9/2025 4:41 AM"
"11/6/2025","12/6/2025","737","Diagnose","10/9/2025 4:41 AM"
"10/7/2025","11/6/2025","738","Idea","10/9/2025 4:41 AM"
"11/6/2025","12/6/2025","738","Diagnose","10/9/2025 4:41 AM"
"12/6/2025","1/5/2026","738","Design","10/9/2025 4:41 AM"
"10/7/2025","11/6/2025","739","Idea","10/9/2025 4:41 AM"
"11/6/2025","12/6/2025","739","Diagnose","10/9/2025 4:41 AM"
"12/6/2025","1/5/2026","739","Design","10/9/2025 4:41 AM"
"10/7/2025","11/6/2025","740","Idea","10/9/2025 4:41 AM"
"11/6/2025","12/6/2025","740","Diagnose","10/9/2025 4:41 AM"
"12/6/2025","1/5/2026","740","Design","10/9/2025 4:41 AM"
"1/5/2026","2/4/2026","740","Implemented","10/9/2025 4:41 AM"
"10/7/2025","11/6/2025","741","Idea","10/9/2025 4:41 AM"
"11/6/2025","12/6/2025","741","Diagnose","10/9/2025 4:41 AM"
"12/6/2025","1/5/2026","741","Design","10/9/2025 4:41 AM"
"1/5/2026","2/4/2026","741","Implemented","10/9/2025 4:41 AM"
"10/7/2025","11/6/2025","742","Idea","10/9/2025 4:41 AM"
"11/6/2025","12/6/2025","742","Diagnose","10/9/2025 4:41 AM"
"12/6/2025","1/5/2026","742","Design","10/9/2025 4:41 AM"
"1/5/2026","2/4/2026","742","Implemented","10/9/2025 4:41 AM"
"10/7/2025","11/6/2025","743","Idea","10/9/2025 4:41 AM"
"11/6/2025","12/6/2025","743","Diagnose","10/9/2025 4:41 AM"
"10/7/2025","11/6/2025","744","Idea","10/9/2025 4:41 AM"
"11/6/2025","12/6/2025","744","Diagnose","10/9/2025 4:41 AM"
"12/6/2025","1/5/2026","744","Design","10/9/2025 4:41 AM"
"1/5/2026","2/4/2026","744","Implemented","10/9/2025 4:41 AM"
"10/7/2025","11/6/2025","745","Idea","10/9/2025 4:41 AM"
"11/6/2025","12/6/2025","745","Diagnose","10/9/2025 4:41 AM"
"12/6/2025","1/5/2026","745","Design","10/9/2025 4:41 AM"
"1/5/2026","2/4/2026","745","Implemented","10/9/2025 4:41 AM"
"10/7/2025","11/6/2025","746","Idea","10/9/2025 4:41 AM"
"11/6/2025","12/6/2025","746","Diagnose","10/9/2025 4:41 AM"
"12/6/2025","1/5/2026","746","Design","10/9/2025 4:41 AM"
"10/7/2025","11/6/2025","747","Idea","10/9/2025 4:41 AM"
"11/6/2025","12/6/2025","747","Diagnose","10/9/2025 4:41 AM"
"12/6/2025","1/5/2026","747","Design","10/9/2025 4:41 AM"
"1/5/2026","2/4/2026","747","Implemented","10/9/2025 4:41 AM"
"10/7/2025","11/6/2025","748","Idea","10/9/2025 4:41 AM"
"11/6/2025","12/6/2025","748","Diagnose","10/9/2025 4:41 AM"
"12/6/2025","1/5/2026","748","Design","10/9/2025 4:41 AM"
"1/5/2026","2/4/2026","748","Implemented","10/9/2025 4:41 AM"
"10/7/2025","11/6/2025","749","Idea","10/9/2025 4:41 AM"
"11/6/2025","12/6/2025","749","Diagnose","10/9/2025 4:41 AM"
"12/6/2025","1/5/2026","749","Design","10/9/2025 4:41 AM"
"1/5/2026","2/4/2026","749","Implemented","10/9/2025 4:41 AM"
"10/7/2025","11/6/2025","750","Idea","10/9/2025 4:41 AM"
"11/6/2025","12/6/2025","750","Diagnose","10/9/2025 4:41 AM"
"10/7/2025","11/6/2025","751","Idea","10/9/2025 4:41 AM"
"11/6/2025","12/6/2025","751","Diagnose","10/9/2025 4:41 AM"
"12/6/2025","1/5/2026","751","Design","10/9/2025 4:41 AM"
"1/5/2026","2/4/2026","751","Implemented","10/9/2025 4:41 AM"
"10/7/2025","11/6/2025","752","Idea","10/9/2025 4:41 AM"
"11/6/2025","12/6/2025","752","Diagnose","10/9/2025 4:41 AM"
"12/6/2025","1/5/2026","752","Design","10/9/2025 4:41 AM"
"1/5/2026","2/4/2026","752","Implemented","10/9/2025 4:41 AM"
"10/7/2025","11/6/2025","753","Idea","10/9/2025 4:41 AM"
"11/6/2025","12/6/2025","753","Diagnose","10/9/2025 4:41 AM"
"12/6/2025","1/5/2026","753","Design","10/9/2025 4:41 AM"
"1/5/2026","2/4/2026","753","Implemented","10/9/2025 4:41 AM"
"10/7/2025","11/6/2025","754","Idea","10/9/2025 4:41 AM"
"11/6/2025","12/6/2025","754","Diagnose","10/9/2025 4:41 AM"
"12/6/2025","1/5/2026","754","Design","10/9/2025 4:41 AM"
"1/5/2026","2/4/2026","754","Implemented","10/9/2025 4:42 AM"
"10/7/2025","11/6/2025","755","Idea","10/9/2025 4:42 AM"
"10/7/2025","11/6/2025","756","Idea","10/9/2025 4:42 AM"
"11/6/2025","12/6/2025","756","Diagnose","10/9/2025 4:42 AM"
"12/6/2025","1/5/2026","756","Design","10/9/2025 4:42 AM"
"1/5/2026","2/4/2026","756","Implemented","10/9/2025 4:42 AM"
"10/7/2025","11/6/2025","757","Idea","10/9/2025 4:42 AM"
"11/6/2025","12/6/2025","757","Diagnose","10/9/2025 4:42 AM"
"12/6/2025","1/5/2026","757","Design","10/9/2025 4:42 AM"
"1/5/2026","2/4/2026","757","Implemented","10/9/2025 4:42 AM"
"10/7/2025","11/6/2025","758","Idea","10/9/2025 4:42 AM"
"10/7/2025","11/6/2025","759","Idea","10/9/2025 4:42 AM"
"11/6/2025","12/6/2025","759","Diagnose","10/9/2025 4:42 AM"
"12/6/2025","1/5/2026","759","Design","10/9/2025 4:42 AM"
"1/5/2026","2/4/2026","759","Implemented","10/9/2025 4:42 AM"
"10/7/2025","11/6/2025","760","Idea","10/9/2025 4:42 AM"
"10/7/2025","11/6/2025","761","Idea","10/9/2025 4:42 AM"
"10/7/2025","11/6/2025","762","Idea","10/9/2025 4:42 AM"
"11/6/2025","12/6/2025","762","Diagnose","10/9/2025 4:42 AM"
"12/6/2025","1/5/2026","762","Design","10/9/2025 4:42 AM"
"10/7/2025","11/6/2025","763","Idea","10/9/2025 4:42 AM"
"10/7/2025","11/6/2025","764","Idea","10/9/2025 4:42 AM"
"11/6/2025","12/6/2025","764","Diagnose","10/9/2025 4:42 AM"
"12/6/2025","1/5/2026","764","Design","10/9/2025 4:42 AM"
"1/5/2026","2/4/2026","764","Implemented","10/9/2025 4:42 AM"
"10/7/2025","11/6/2025","765","Idea","10/9/2025 4:42 AM"
"11/6/2025","12/6/2025","765","Diagnose","10/9/2025 4:42 AM"
"12/6/2025","1/5/2026","765","Design","10/9/2025 4:42 AM"
"1/5/2026","2/4/2026","765","Implemented","10/9/2025 4:42 AM"
"10/7/2025","11/6/2025","766","Idea","10/9/2025 4:42 AM"
"10/23/2025","10/28/2025","379","Idea","10/10/2025 1:18 AM"
"10/10/2025","10/15/2025","380","Idea","10/10/2025 8:54 AM"
"10/10/2025","11/1/2025","381","Idea","10/10/2025 10:36 AM"
"10/17/2025","10/31/2025","382","Idea","10/10/2025 1:39 PM"
"10/14/2025","10/27/2025","383","Idea","10/13/2025 1:46 AM"
"10/13/2025","10/27/2025","384","Idea","10/13/2025 2:34 AM"
"10/13/2025","10/27/2025","385","Idea","10/13/2025 2:40 AM"
"10/13/2025","10/27/2025","386","Idea","10/13/2025 2:47 AM"
"10/14/2025","10/20/2025","387","Idea","10/13/2025 6:08 AM"
"10/14/2025","10/22/2025","388","Idea","10/14/2025 10:03 AM"
"10/16/2025","10/24/2025","389","Idea","10/16/2025 11:25 AM"
"10/23/2025","10/23/2025","390","Idea","10/17/2025 1:24 AM"
"10/25/2025","10/27/2025","391","Idea","10/17/2025 1:26 AM"
"10/17/2025","10/31/2025","392","Idea","10/17/2025 7:26 AM"
"10/22/2025","10/31/2025","393","Idea","10/21/2025 1:07 AM"
"10/22/2025","10/31/2025","394","Idea","10/21/2025 1:18 AM"
"10/22/2025","10/31/2025","395","Idea","10/21/2025 1:34 AM"
"10/22/2025","10/31/2025","396","Idea","10/21/2025 1:36 AM"
"10/22/2025","10/31/2025","397","Idea","10/21/2025 1:37 AM"
"10/22/2025","10/31/2025","398","Idea","10/21/2025 1:41 AM"
"10/21/2025","10/23/2025","399","Idea","10/21/2025 8:18 AM"
"10/21/2025","10/23/2025","400","Idea","10/21/2025 8:49 AM"
"10/23/2025","10/29/2025","401","Idea","10/23/2025 8:49 AM"
"10/28/2025","10/31/2025","402","Idea","10/28/2025 3:43 AM"
"10/28/2025","10/31/2025","403","Idea","10/28/2025 5:28 AM"
"10/29/2025","10/31/2025","404","Idea","10/29/2025 6:02 AM"
,,"404","Diagnose","10/29/2025 6:11 AM"
,,"404","Design","10/29/2025 6:13 AM"
"11/17/2025","11/26/2025","404","Implemented","10/29/2025 6:18 AM"
"10/29/2025","10/31/2025","405","Idea","10/29/2025 8:25 AM"
"10/30/2025","11/6/2025","406","Idea","10/30/2025 8:11 AM"
,,"406","Diagnose","10/30/2025 8:19 AM"
"10/30/2025","11/6/2025","407","Idea","10/30/2025 9:11 AM"
"11/7/2025","11/13/2025","407","Diagnose","10/30/2025 9:16 AM"
"11/14/2025","11/20/2025","407","Design","10/30/2025 9:27 AM"
"10/31/2025","11/11/2025","408","Idea","10/31/2025 1:27 AM"
,,"408","Diagnose","10/31/2025 1:34 AM"
,,"408","Design","10/31/2025 1:37 AM"
,,"408","Implemented","10/31/2025 1:39 AM"
"10/31/2025","11/5/2025","409","Idea","10/31/2025 2:53 AM"
"10/31/2025","11/7/2025","409","Diagnose","10/31/2025 3:59 AM"
,,"409","Design","10/31/2025 4:01 AM"
,,"409","Diagnose","10/31/2025 5:41 AM"
"11/1/2025","11/3/2025","410","Idea","10/31/2025 8:19 AM"
"10/31/2025","11/28/2025","411","Idea","10/31/2025 8:26 AM"
"10/31/2025","11/28/2025","412","Idea","10/31/2025 8:40 AM"
"11/3/2025","11/6/2025","412","Diagnose","10/31/2025 8:43 AM"
"11/4/2025","11/7/2025","412","Design","10/31/2025 8:43 AM"
"11/17/2025","11/30/2025","412","Implemented","10/31/2025 8:44 AM"
"11/14/2025","11/28/2025","413","Idea","11/3/2025 2:24 AM"
"11/14/2025","11/28/2025","414","Idea","11/3/2025 3:10 AM"
"11/4/2025","11/19/2025","415","Idea","11/3/2025 3:33 AM"
"11/14/2025","11/28/2025","416","Idea","11/3/2025 3:35 AM"
"11/14/2025","11/28/2025","417","Idea","11/3/2025 5:23 AM"
"11/4/2025","11/11/2025","418","Idea","11/4/2025 9:14 AM"
,,"418","Diagnose","11/4/2025 9:14 AM"
,,"418","Design","11/4/2025 9:14 AM"
,,"418","Implemented","11/4/2025 9:14 AM"
,,"418","Diagnose","11/4/2025 9:26 AM"
"11/5/2025","11/12/2025","419","Idea","11/4/2025 10:19 AM"
,,"419","Diagnose","11/4/2025 10:19 AM"
,,"419","Design","11/4/2025 10:19 AM"
,,"419","Implemented","11/4/2025 10:19 AM"
"11/4/2025","11/13/2025","420","Idea","11/4/2025 10:36 AM"
,,"420","Diagnose","11/4/2025 10:36 AM"
,,"420","Design","11/4/2025 10:36 AM"
,,"420","Implemented","11/4/2025 10:36 AM"
"11/6/2025","11/13/2025","421","Idea","11/6/2025 12:38 AM"
"11/20/2025","12/17/2025","422","Idea","11/6/2025 2:04 AM"
"11/12/2025","1/20/2026","423","Idea","11/6/2025 3:36 AM"
"11/11/2025","1/13/2026","424","Idea","11/6/2025 5:00 AM"
,,"424","Diagnose","11/6/2025 5:00 AM"
,,"424","Design","11/6/2025 5:00 AM"
,,"424","Implemented","11/6/2025 5:00 AM"
"11/6/2025","11/20/2025","425","Idea","11/6/2025 5:56 AM"
,,"425","Diagnose","11/6/2025 5:56 AM"
,,"425","Design","11/6/2025 5:56 AM"
,,"425","Implemented","11/6/2025 5:56 AM"
"11/6/2025","11/22/2025","426","Idea","11/6/2025 10:20 AM"
,,"426","Diagnose","11/6/2025 10:20 AM"
,,"426","Design","11/6/2025 10:20 AM"
,,"426","Implemented","11/6/2025 10:20 AM"
"11/7/2025","1/21/2026","427","Idea","11/7/2025 1:59 AM"
,,"427","Diagnose","11/7/2025 1:59 AM"
,,"427","Design","11/7/2025 1:59 AM"
,,"427","Implemented","11/7/2025 1:59 AM"
"11/13/2025","2/19/2026","428","Idea","11/7/2025 3:48 AM"
,,"428","Diagnose","11/7/2025 3:48 AM"
,,"428","Design","11/7/2025 3:48 AM"
,,"428","Implemented","11/7/2025 3:48 AM"
"11/13/2025","2/19/2026","429","Idea","11/7/2025 4:22 AM"
,,"429","Diagnose","11/7/2025 4:22 AM"
,,"429","Design","11/7/2025 4:22 AM"
,,"429","Implemented","11/7/2025 4:22 AM"
"11/7/2025","11/26/2025","430","Idea","11/7/2025 5:08 AM"
,,"430","Diagnose","11/7/2025 5:08 AM"
,,"430","Design","11/7/2025 5:08 AM"
,,"430","Implemented","11/7/2025 5:08 AM"
"11/7/2025","11/30/2025","431","Idea","11/7/2025 5:34 AM"
"11/11/2025","11/20/2025","431","Diagnose","11/7/2025 5:34 AM"
"11/21/2025","11/30/2025","431","Design","11/7/2025 5:34 AM"
"12/1/2025","12/26/2025","431","Implemented","11/7/2025 5:34 AM"
"11/21/2025","11/21/2025","432","Idea","11/7/2025 8:21 AM"
"11/25/2025","12/5/2025","432","Diagnose","11/7/2025 8:21 AM"
"11/15/2025","11/21/2025","432","Design","11/7/2025 8:21 AM"
,,"432","Implemented","11/7/2025 8:21 AM"
"11/7/2025","11/19/2025","433","Idea","11/7/2025 8:53 AM"
,,"433","Diagnose","11/7/2025 8:53 AM"
,,"433","Design","11/7/2025 8:53 AM"
,,"433","Implemented","11/7/2025 8:53 AM"
"11/18/2025","11/19/2025","434","Idea","11/7/2025 10:02 AM"
,,"434","Diagnose","11/7/2025 10:02 AM"
,,"434","Design","11/7/2025 10:02 AM"
"11/10/2025","11/26/2025","435","Idea","11/10/2025 2:15 AM"
,,"435","Diagnose","11/10/2025 2:15 AM"
,,"435","Design","11/10/2025 2:15 AM"
,,"435","Implemented","11/10/2025 2:16 AM"
,,"390","Diagnose","11/10/2025 6:05 AM"
,,"362","Diagnose","11/10/2025 6:05 AM"
,,"382","Diagnose","11/10/2025 6:05 AM"
,,"367","Diagnose","11/10/2025 6:05 AM"
,,"395","Diagnose","11/10/2025 6:05 AM"
,,"371","Diagnose","11/10/2025 6:05 AM"
,,"369","Diagnose","11/10/2025 6:05 AM"
,,"380","Diagnose","11/10/2025 6:05 AM"
,,"383","Diagnose","11/10/2025 6:05 AM"
,,"361","Diagnose","11/10/2025 6:05 AM"
,,"397","Diagnose","11/10/2025 6:05 AM"
"11/21/2025","11/26/2025","359","Diagnose","11/10/2025 6:05 AM"
,,"386","Diagnose","11/10/2025 6:05 AM"
,,"379","Diagnose","11/10/2025 6:05 AM"
,,"385","Diagnose","11/10/2025 6:05 AM"
,,"388","Diagnose","11/10/2025 6:05 AM"
,,"372","Diagnose","11/10/2025 6:05 AM"
,,"360","Diagnose","11/10/2025 6:05 AM"
,,"370","Diagnose","11/10/2025 6:05 AM"
,,"396","Diagnose","11/10/2025 6:05 AM"
,,"393","Diagnose","11/10/2025 6:05 AM"
,,"392","Diagnose","11/10/2025 6:05 AM"
,,"381","Diagnose","11/10/2025 6:05 AM"
,,"357","Diagnose","11/10/2025 6:05 AM"
,,"358","Diagnose","11/10/2025 6:05 AM"
,,"390","Design","11/10/2025 6:05 AM"
,,"366","Diagnose","11/10/2025 6:05 AM"
,,"389","Diagnose","11/10/2025 6:05 AM"
,,"384","Diagnose","11/10/2025 6:05 AM"
,,"364","Diagnose","11/10/2025 6:05 AM"
,,"378","Diagnose","11/10/2025 6:05 AM"
,,"391","Diagnose","11/10/2025 6:05 AM"
,,"368","Diagnose","11/10/2025 6:05 AM"
,,"394","Diagnose","11/10/2025 6:05 AM"
,,"362","Design","11/10/2025 6:05 AM"
,,"371","Design","11/10/2025 6:05 AM"
,,"367","Design","11/10/2025 6:05 AM"
,,"395","Design","11/10/2025 6:05 AM"
,,"369","Design","11/10/2025 6:05 AM"
,,"382","Design","11/10/2025 6:05 AM"
,,"380","Design","11/10/2025 6:05 AM"
,,"383","Design","11/10/2025 6:05 AM"
,,"386","Design","11/10/2025 6:05 AM"
,,"359","Design","11/10/2025 6:05 AM"
,,"397","Design","11/10/2025 6:05 AM"
,,"361","Design","11/10/2025 6:05 AM"
,,"387","Diagnose","11/10/2025 6:05 AM"
,,"355","Diagnose","11/10/2025 6:05 AM"
,,"365","Diagnose","11/10/2025 6:05 AM"
,,"393","Design","11/10/2025 6:05 AM"
,,"379","Design","11/10/2025 6:05 AM"
,,"385","Design","11/10/2025 6:05 AM"
,,"370","Design","11/10/2025 6:05 AM"
,,"396","Design","11/10/2025 6:05 AM"
,,"372","Design","11/10/2025 6:05 AM"
,,"392","Design","11/10/2025 6:05 AM"
,,"381","Design","11/10/2025 6:05 AM"
,,"357","Design","11/10/2025 6:05 AM"
,,"390","Implemented","11/10/2025 6:05 AM"
,,"403","Diagnose","11/10/2025 6:05 AM"
,,"364","Design","11/10/2025 6:05 AM"
,,"388","Design","11/10/2025 6:05 AM"
,,"360","Design","11/10/2025 6:05 AM"
,,"391","Design","11/10/2025 6:05 AM"
,,"366","Design","11/10/2025 6:05 AM"
,,"410","Diagnose","11/10/2025 6:05 AM"
,,"405","Diagnose","11/10/2025 6:05 AM"
,,"362","Implemented","11/10/2025 6:05 AM"
,,"371","Implemented","11/10/2025 6:05 AM"
,,"395","Implemented","11/10/2025 6:05 AM"
,,"368","Design","11/10/2025 6:05 AM"
,,"398","Diagnose","11/10/2025 6:05 AM"
,,"399","Diagnose","11/10/2025 6:05 AM"
,,"389","Design","11/10/2025 6:05 AM"
"11/22/2025","11/27/2025","400","Diagnose","11/10/2025 6:05 AM"
,,"401","Diagnose","11/10/2025 6:05 AM"
,,"406","Diagnose","11/10/2025 6:05 AM"
,,"358","Design","11/10/2025 6:05 AM"
,,"369","Implemented","11/10/2025 6:05 AM"
,,"384","Design","11/10/2025 6:05 AM"
,,"367","Implemented","11/10/2025 6:05 AM"
,,"383","Implemented","11/10/2025 6:05 AM"
,,"386","Implemented","11/10/2025 6:05 AM"
,,"380","Implemented","11/10/2025 6:05 AM"
,,"359","Implemented","11/10/2025 6:05 AM"
,,"366","Design","11/10/2025 6:05 AM"
,,"387","Design","11/10/2025 6:05 AM"
,,"382","Implemented","11/10/2025 6:05 AM"
,,"397","Implemented","11/10/2025 6:05 AM"
,,"394","Design","11/10/2025 6:05 AM"
,,"379","Implemented","11/10/2025 6:05 AM"
,,"361","Implemented","11/10/2025 6:05 AM"
,,"385","Implemented","11/10/2025 6:05 AM"
,,"407","Diagnose","11/10/2025 6:05 AM"
,,"393","Implemented","11/10/2025 6:05 AM"
,,"372","Implemented","11/10/2025 6:05 AM"
,,"392","Implemented","11/10/2025 6:05 AM"
,,"357","Implemented","11/10/2025 6:05 AM"
,,"355","Design","11/10/2025 6:05 AM"
,,"365","Design","11/10/2025 6:05 AM"
,,"403","Design","11/10/2025 6:05 AM"
,,"396","Implemented","11/10/2025 6:05 AM"
,,"364","Implemented","11/10/2025 6:05 AM"
,,"358","Design","11/10/2025 6:05 AM"
,,"370","Implemented","11/10/2025 6:05 AM"
,,"381","Implemented","11/10/2025 6:05 AM"
,,"410","Design","11/10/2025 6:05 AM"
,,"391","Implemented","11/10/2025 6:05 AM"
,,"408","Diagnose","11/10/2025 6:05 AM"
,,"388","Implemented","11/10/2025 6:05 AM"
,,"360","Implemented","11/10/2025 6:05 AM"
,,"405","Design","11/10/2025 6:05 AM"
,,"404","Diagnose","11/10/2025 6:05 AM"
,,"402","Diagnose","11/10/2025 6:05 AM"
,,"398","Design","11/10/2025 6:05 AM"
,,"368","Implemented","11/10/2025 6:05 AM"
,,"389","Implemented","11/10/2025 6:05 AM"
,,"378","Design","11/10/2025 6:05 AM"
,,"401","Design","11/10/2025 6:05 AM"
,,"399","Design","11/10/2025 6:05 AM"
,,"400","Design","11/10/2025 6:05 AM"
,,"358","Design","11/10/2025 6:05 AM"
,,"384","Implemented","11/10/2025 6:05 AM"
,,"407","Diagnose","11/10/2025 6:05 AM"
,,"366","Implemented","11/10/2025 6:05 AM"
,,"406","Design","11/10/2025 6:05 AM"
,,"387","Implemented","11/10/2025 6:05 AM"
,,"408","Diagnose","11/10/2025 6:05 AM"
,,"394","Implemented","11/10/2025 6:05 AM"
,,"409","Diagnose","11/10/2025 6:05 AM"
,,"365","Implemented","11/10/2025 6:05 AM"
,,"403","Implemented","11/10/2025 6:05 AM"
,,"404","Diagnose","11/10/2025 6:05 AM"
,,"355","Implemented","11/10/2025 6:05 AM"
,,"410","Implemented","11/10/2025 6:05 AM"
,,"405","Implemented","11/10/2025 6:05 AM"
,,"406","Design","11/10/2025 6:05 AM"
,,"366","Implemented","11/10/2025 6:05 AM"
,,"378","Design","11/10/2025 6:05 AM"
,,"408","Diagnose","11/10/2025 6:05 AM"
,,"398","Implemented","11/10/2025 6:05 AM"
,,"402","Design","11/10/2025 6:05 AM"
,,"404","Diagnose","11/10/2025 6:05 AM"
,,"401","Implemented","11/10/2025 6:05 AM"
,,"358","Implemented","11/10/2025 6:05 AM"
,,"409","Diagnose","11/10/2025 6:05 AM"
,,"407","Design","11/10/2025 6:05 AM"
,,"399","Implemented","11/10/2025 6:05 AM"
,,"400","Implemented","11/10/2025 6:05 AM"
,,"358","Implemented","11/10/2025 6:05 AM"
,,"406","Implemented","11/10/2025 6:05 AM"
,,"407","Design","11/10/2025 6:05 AM"
,,"413","Diagnose","11/10/2025 6:05 AM"
,,"408","Design","11/10/2025 6:05 AM"
,,"417","Diagnose","11/10/2025 6:05 AM"
,,"426","Diagnose","11/10/2025 6:05 AM"
,,"415","Diagnose","11/10/2025 6:05 AM"
,,"378","Implemented","11/10/2025 6:05 AM"
,,"422","Diagnose","11/10/2025 6:05 AM"
,,"402","Implemented","11/10/2025 6:05 AM"
,,"404","Design","11/10/2025 6:05 AM"
,,"424","Diagnose","11/10/2025 6:05 AM"
,,"430","Diagnose","11/10/2025 6:05 AM"
,,"433","Diagnose","11/10/2025 6:05 AM"
,,"416","Diagnose","11/10/2025 6:05 AM"
,,"358","Implemented","11/10/2025 6:05 AM"
,,"423","Diagnose","11/10/2025 6:05 AM"
,,"406","Implemented","11/10/2025 6:05 AM"
,,"435","Diagnose","11/10/2025 6:05 AM"
,,"408","Design","11/10/2025 6:05 AM"
,,"378","Implemented","11/10/2025 6:05 AM"
,,"427","Diagnose","11/10/2025 6:05 AM"
,,"426","Diagnose","11/10/2025 6:05 AM"
,,"404","Design","11/10/2025 6:05 AM"
,,"432","Diagnose","11/10/2025 6:05 AM"
,,"419","Diagnose","11/10/2025 6:05 AM"
,,"429","Diagnose","11/10/2025 6:05 AM"
,,"412","Diagnose","11/10/2025 6:05 AM"
,,"409","Design","11/10/2025 6:05 AM"
,,"418","Diagnose","11/10/2025 6:05 AM"
,,"411","Diagnose","11/10/2025 6:05 AM"
,,"425","Diagnose","11/10/2025 6:05 AM"
,,"413","Design","11/10/2025 6:05 AM"
,,"424","Diagnose","11/10/2025 6:05 AM"
,,"415","Design","11/10/2025 6:05 AM"
,,"422","Design","11/10/2025 6:05 AM"
,,"417","Design","11/10/2025 6:05 AM"
,,"430","Diagnose","11/10/2025 6:05 AM"
,,"433","Diagnose","11/10/2025 6:05 AM"
,,"431","Diagnose","11/10/2025 6:05 AM"
,,"426","Diagnose","11/10/2025 6:05 AM"
,,"407","Implemented","11/10/2025 6:05 AM"
,,"408","Design","11/10/2025 6:05 AM"
,,"434","Diagnose","11/10/2025 6:05 AM"
,,"435","Diagnose","11/10/2025 6:05 AM"
,,"409","Design","11/10/2025 6:05 AM"
,,"421","Diagnose","11/10/2025 6:05 AM"
,,"427","Diagnose","11/10/2025 6:05 AM"
,,"416","Design","11/10/2025 6:05 AM"
,,"432","Diagnose","11/10/2025 6:05 AM"
,,"404","Design","11/10/2025 6:05 AM"
,,"423","Design","11/10/2025 6:05 AM"
,,"419","Diagnose","11/10/2025 6:05 AM"
,,"420","Diagnose","11/10/2025 6:05 AM"
,,"418","Diagnose","11/10/2025 6:05 AM"
,,"412","Diagnose","11/10/2025 6:06 AM"
,,"429","Diagnose","11/10/2025 6:05 AM"
,,"425","Diagnose","11/10/2025 6:05 AM"
,,"424","Diagnose","11/10/2025 6:05 AM"
,,"430","Diagnose","11/10/2025 6:05 AM"
,,"407","Implemented","11/10/2025 6:05 AM"
,,"433","Diagnose","11/10/2025 6:05 AM"
,,"435","Diagnose","11/10/2025 6:05 AM"
,,"411","Design","11/10/2025 6:05 AM"
,,"427","Diagnose","11/10/2025 6:05 AM"
,,"431","Diagnose","11/10/2025 6:05 AM"
,,"413","Implemented","11/10/2025 6:05 AM"
,,"415","Implemented","11/10/2025 6:05 AM"
,,"432","Diagnose","11/10/2025 6:05 AM"
,,"422","Implemented","11/10/2025 6:05 AM"
,,"434","Diagnose","11/10/2025 6:05 AM"
,,"419","Diagnose","11/10/2025 6:05 AM"
,,"417","Implemented","11/10/2025 6:05 AM"
,,"412","Diagnose","11/10/2025 6:05 AM"
,,"418","Diagnose","11/10/2025 6:05 AM"
,,"409","Design","11/10/2025 6:05 AM"
,,"429","Diagnose","11/10/2025 6:05 AM"
,,"420","Diagnose","11/10/2025 6:06 AM"
,,"425","Diagnose","11/10/2025 6:06 AM"
,,"426","Design","11/10/2025 6:06 AM"
,,"408","Implemented","11/10/2025 6:06 AM"
,,"407","Implemented","11/10/2025 6:06 AM"
,,"421","Design","11/10/2025 6:06 AM"
,,"423","Implemented","11/10/2025 6:06 AM"
,,"404","Implemented","11/10/2025 6:06 AM"
,,"431","Diagnose","11/10/2025 6:06 AM"
,,"416","Implemented","11/10/2025 6:06 AM"
,,"434","Diagnose","11/10/2025 6:06 AM"
,,"424","Design","11/10/2025 6:06 AM"
,,"414","Diagnose","11/10/2025 6:06 AM"
,,"426","Design","11/10/2025 6:06 AM"
,,"420","Diagnose","11/10/2025 6:06 AM"
,,"411","Implemented","11/10/2025 6:06 AM"
,,"408","Implemented","11/10/2025 6:06 AM"
,,"430","Design","11/10/2025 6:06 AM"
,,"427","Design","11/10/2025 6:06 AM"
,,"433","Design","11/10/2025 6:06 AM"
,,"404","Implemented","11/10/2025 6:06 AM"
,,"412","Design","11/10/2025 6:06 AM"
,,"432","Design","11/10/2025 6:06 AM"
,,"424","Design","11/10/2025 6:06 AM"
,,"419","Design","11/10/2025 6:06 AM"
,,"429","Design","11/10/2025 6:06 AM"
,,"409","Implemented","11/10/2025 6:06 AM"
,,"435","Design","11/10/2025 6:06 AM"
,,"425","Design","11/10/2025 6:06 AM"
,,"408","Implemented","11/10/2025 6:06 AM"
,,"430","Design","11/10/2025 6:06 AM"
,,"421","Implemented","11/10/2025 6:06 AM"
,,"427","Design","11/10/2025 6:06 AM"
,,"418","Design","11/10/2025 6:06 AM"
,,"404","Implemented","11/10/2025 6:06 AM"
,,"433","Design","11/10/2025 6:06 AM"
,,"426","Design","11/10/2025 6:06 AM"
,,"431","Design","11/10/2025 6:06 AM"
,,"412","Design","11/10/2025 6:06 AM"
,,"432","Design","11/10/2025 6:06 AM"
,,"428","Diagnose","11/10/2025 6:06 AM"
,,"414","Design","11/10/2025 6:06 AM"
,,"434","Design","11/10/2025 6:06 AM"
,,"419","Design","11/10/2025 6:06 AM"
,,"429","Design","11/10/2025 6:06 AM"
,,"435","Design","11/10/2025 6:06 AM"
,,"420","Design","11/10/2025 6:06 AM"
,,"409","Implemented","11/10/2025 6:06 AM"
,,"425","Design","11/10/2025 6:06 AM"
,,"424","Design","11/10/2025 6:06 AM"
,,"418","Design","11/10/2025 6:06 AM"
,,"431","Design","11/10/2025 6:06 AM"
,,"427","Design","11/10/2025 6:06 AM"
,,"430","Design","11/10/2025 6:06 AM"
,,"434","Design","11/10/2025 6:06 AM"
,,"433","Design","11/10/2025 6:06 AM"
,,"412","Design","11/10/2025 6:06 AM"
,,"432","Design","11/10/2025 6:06 AM"
,,"420","Design","11/10/2025 6:06 AM"
,,"409","Implemented","11/10/2025 6:06 AM"
,,"419","Design","11/10/2025 6:06 AM"
,,"428","Diagnose","11/10/2025 6:06 AM"
,,"429","Design","11/10/2025 6:06 AM"
,,"435","Design","11/10/2025 6:06 AM"
,,"426","Implemented","11/10/2025 6:06 AM"
,,"425","Design","11/10/2025 6:06 AM"
,,"414","Implemented","11/10/2025 6:06 AM"
,,"418","Design","11/10/2025 6:06 AM"
,,"431","Design","11/10/2025 6:06 AM"
,,"424","Implemented","11/10/2025 6:06 AM"
,,"434","Design","11/10/2025 6:06 AM"
,,"428","Diagnose","11/10/2025 6:06 AM"
,,"409","Implemented","11/10/2025 6:06 AM"
,,"420","Design","11/10/2025 6:06 AM"
,,"427","Implemented","11/10/2025 6:06 AM"
,,"430","Implemented","11/10/2025 6:06 AM"
,,"426","Implemented","11/10/2025 6:06 AM"
,,"412","Implemented","11/10/2025 6:06 AM"
,,"418","Design","11/10/2025 6:06 AM"
,,"424","Implemented","11/10/2025 6:06 AM"
,,"419","Implemented","11/10/2025 6:06 AM"
,,"429","Implemented","11/10/2025 6:06 AM"
,,"427","Implemented","11/10/2025 6:06 AM"
,,"426","Implemented","11/10/2025 6:06 AM"
,,"430","Implemented","11/10/2025 6:06 AM"
,,"425","Implemented","11/10/2025 6:06 AM"
,,"431","Implemented","11/10/2025 6:06 AM"
,,"412","Implemented","11/10/2025 6:06 AM"
,,"434","Implemented","11/10/2025 6:06 AM"
,,"419","Implemented","11/10/2025 6:06 AM"
,,"424","Implemented","11/10/2025 6:06 AM"
,,"420","Implemented","11/10/2025 6:06 AM"
,,"428","Design","11/10/2025 6:06 AM"
,,"429","Implemented","11/10/2025 6:06 AM"
,,"427","Implemented","11/10/2025 6:06 AM"
,,"430","Implemented","11/10/2025 6:06 AM"
,,"425","Implemented","11/10/2025 6:06 AM"
,,"412","Implemented","11/10/2025 6:06 AM"
,,"431","Implemented","11/10/2025 6:06 AM"
,,"418","Implemented","11/10/2025 6:06 AM"
,,"419","Implemented","11/10/2025 6:06 AM"
,,"420","Implemented","11/10/2025 6:06 AM"
,,"429","Implemented","11/10/2025 6:06 AM"
,,"428","Design","11/10/2025 6:06 AM"
,,"425","Implemented","11/10/2025 6:06 AM"
,,"431","Implemented","11/10/2025 6:06 AM"
,,"418","Implemented","11/10/2025 6:06 AM"
,,"420","Implemented","11/10/2025 6:06 AM"
,,"428","Design","11/10/2025 6:06 AM"
,,"418","Implemented","11/10/2025 6:06 AM"
,,"418","Implemented","11/10/2025 6:06 AM"
,,"428","Implemented","11/10/2025 6:06 AM"
,,"428","Implemented","11/10/2025 6:06 AM"
,,"428","Implemented","11/10/2025 6:06 AM"
,,"368","Diagnose","11/10/2025 6:10 AM"
,,"397","Diagnose","11/10/2025 6:10 AM"
,,"393","Diagnose","11/10/2025 6:10 AM"
,,"394","Diagnose","11/10/2025 6:10 AM"
,,"370","Diagnose","11/10/2025 6:10 AM"
,,"381","Diagnose","11/10/2025 6:10 AM"
,,"367","Diagnose","11/10/2025 6:10 AM"
,,"384","Diagnose","11/10/2025 6:10 AM"
,,"391","Diagnose","11/10/2025 6:10 AM"
,,"357","Diagnose","11/10/2025 6:10 AM"
,,"371","Diagnose","11/10/2025 6:10 AM"
,,"388","Diagnose","11/10/2025 6:10 AM"
,,"380","Diagnose","11/10/2025 6:10 AM"
,,"359","Diagnose","11/10/2025 6:10 AM"
,,"387","Diagnose","11/10/2025 6:10 AM"
,,"392","Diagnose","11/10/2025 6:10 AM"
,,"396","Diagnose","11/10/2025 6:10 AM"
,,"395","Diagnose","11/10/2025 6:10 AM"
,,"365","Diagnose","11/10/2025 6:10 AM"
,,"364","Diagnose","11/10/2025 6:10 AM"
,,"369","Diagnose","11/10/2025 6:10 AM"
,,"386","Diagnose","11/10/2025 6:10 AM"
,,"383","Diagnose","11/10/2025 6:10 AM"
,,"390","Diagnose","11/10/2025 6:10 AM"
,,"385","Diagnose","11/10/2025 6:10 AM"
,,"382","Diagnose","11/10/2025 6:10 AM"
,,"368","Diagnose","11/10/2025 6:10 AM"
,,"372","Diagnose","11/10/2025 6:10 AM"
,,"362","Diagnose","11/10/2025 6:10 AM"
,,"355","Diagnose","11/10/2025 6:10 AM"
,,"361","Diagnose","11/10/2025 6:10 AM"
,,"397","Diagnose","11/10/2025 6:10 AM"
,,"379","Diagnose","11/10/2025 6:10 AM"
,,"389","Diagnose","11/10/2025 6:10 AM"
,,"393","Diagnose","11/10/2025 6:10 AM"
,,"394","Diagnose","11/10/2025 6:10 AM"
,,"360","Diagnose","11/10/2025 6:10 AM"
,,"366","Diagnose","11/10/2025 6:10 AM"
,,"370","Diagnose","11/10/2025 6:10 AM"
,,"367","Diagnose","11/10/2025 6:10 AM"
,,"384","Diagnose","11/10/2025 6:10 AM"
,,"357","Diagnose","11/10/2025 6:10 AM"
,,"378","Diagnose","11/10/2025 6:10 AM"
,,"368","Diagnose","11/10/2025 6:10 AM"
,,"397","Diagnose","11/10/2025 6:10 AM"
,,"393","Diagnose","11/10/2025 6:10 AM"
,,"371","Diagnose","11/10/2025 6:10 AM"
,,"381","Diagnose","11/10/2025 6:10 AM"
,,"391","Diagnose","11/10/2025 6:10 AM"
,,"394","Diagnose","11/10/2025 6:10 AM"
,,"387","Diagnose","11/10/2025 6:10 AM"
,,"364","Diagnose","11/10/2025 6:10 AM"
,,"388","Diagnose","11/10/2025 6:10 AM"
,,"380","Diagnose","11/10/2025 6:10 AM"
,,"392","Diagnose","11/10/2025 6:10 AM"
,,"365","Diagnose","11/10/2025 6:10 AM"
,,"369","Diagnose","11/10/2025 6:10 AM"
,,"395","Diagnose","11/10/2025 6:10 AM"
,,"390","Diagnose","11/10/2025 6:10 AM"
,,"382","Diagnose","11/10/2025 6:10 AM"
,,"383","Diagnose","11/10/2025 6:10 AM"
,,"386","Diagnose","11/10/2025 6:10 AM"
,,"359","Diagnose","11/10/2025 6:10 AM"
,,"379","Diagnose","11/10/2025 6:10 AM"
,,"385","Diagnose","11/10/2025 6:10 AM"
,,"362","Diagnose","11/10/2025 6:10 AM"
,,"389","Diagnose","11/10/2025 6:10 AM"
,,"361","Diagnose","11/10/2025 6:10 AM"
,,"372","Diagnose","11/10/2025 6:10 AM"
,,"396","Diagnose","11/10/2025 6:10 AM"
,,"355","Diagnose","11/10/2025 6:10 AM"
,,"381","Diagnose","11/10/2025 6:10 AM"
,,"384","Diagnose","11/10/2025 6:10 AM"
,,"367","Diagnose","11/10/2025 6:10 AM"
,,"357","Diagnose","11/10/2025 6:10 AM"
,,"371","Diagnose","11/10/2025 6:10 AM"
,,"370","Diagnose","11/10/2025 6:10 AM"
,,"388","Diagnose","11/10/2025 6:10 AM"
,,"364","Diagnose","11/10/2025 6:10 AM"
,,"365","Diagnose","11/10/2025 6:10 AM"
,,"391","Diagnose","11/10/2025 6:10 AM"
,,"369","Diagnose","11/10/2025 6:10 AM"
,,"392","Diagnose","11/10/2025 6:10 AM"
,,"395","Diagnose","11/10/2025 6:10 AM"
,,"387","Diagnose","11/10/2025 6:10 AM"
,,"380","Diagnose","11/10/2025 6:10 AM"
,,"360","Diagnose","11/10/2025 6:10 AM"
,,"390","Diagnose","11/10/2025 6:10 AM"
,,"382","Diagnose","11/10/2025 6:10 AM"
,,"383","Diagnose","11/10/2025 6:10 AM"
,,"359","Diagnose","11/10/2025 6:10 AM"
,,"389","Diagnose","11/10/2025 6:10 AM"
,,"362","Diagnose","11/10/2025 6:10 AM"
,,"385","Diagnose","11/10/2025 6:10 AM"
,,"379","Diagnose","11/10/2025 6:10 AM"
,,"361","Diagnose","11/10/2025 6:10 AM"
,,"386","Diagnose","11/10/2025 6:10 AM"
,,"372","Diagnose","11/10/2025 6:10 AM"
,,"355","Diagnose","11/10/2025 6:10 AM"
,,"396","Diagnose","11/10/2025 6:10 AM"
,,"366","Diagnose","11/10/2025 6:10 AM"
,,"405","Diagnose","11/10/2025 6:10 AM"
,,"399","Diagnose","11/10/2025 6:10 AM"
,,"398","Diagnose","11/10/2025 6:10 AM"
,,"358","Diagnose","11/10/2025 6:10 AM"
,,"397","Design","11/10/2025 6:10 AM"
,,"393","Design","11/10/2025 6:10 AM"
,,"410","Diagnose","11/10/2025 6:10 AM"
,,"394","Design","11/10/2025 6:10 AM"
,,"368","Design","11/10/2025 6:10 AM"
,,"378","Diagnose","11/10/2025 6:10 AM"
,,"366","Diagnose","11/10/2025 6:10 AM"
,,"403","Diagnose","11/10/2025 6:10 AM"
,,"400","Diagnose","11/10/2025 6:10 AM"
,,"397","Design","11/10/2025 6:10 AM"
,,"381","Design","11/10/2025 6:10 AM"
,,"384","Design","11/10/2025 6:10 AM"
,,"360","Diagnose","11/10/2025 6:10 AM"
,,"368","Design","11/10/2025 6:10 AM"
,,"371","Design","11/10/2025 6:10 AM"
,,"394","Design","11/10/2025 6:10 AM"
,,"393","Design","11/10/2025 6:10 AM"
,,"392","Design","11/10/2025 6:10 AM"
,,"364","Design","11/10/2025 6:10 AM"
,,"365","Design","11/10/2025 6:10 AM"
,,"388","Design","11/10/2025 6:10 AM"
,,"387","Design","11/10/2025 6:10 AM"
,,"367","Design","11/10/2025 6:10 AM"
,,"395","Design","11/10/2025 6:10 AM"
,,"378","Diagnose","11/10/2025 6:10 AM"
,,"402","Diagnose","11/10/2025 6:10 AM"
,,"380","Design","11/10/2025 6:10 AM"
,,"405","Diagnose","11/10/2025 6:10 AM"
,,"357","Design","11/10/2025 6:10 AM"
,,"399","Diagnose","11/10/2025 6:10 AM"
,,"391","Design","11/10/2025 6:10 AM"
,,"398","Diagnose","11/10/2025 6:10 AM"
,,"366","Diagnose","11/10/2025 6:10 AM"
,,"362","Design","11/10/2025 6:10 AM"
,,"386","Design","11/10/2025 6:10 AM"
,,"410","Diagnose","11/10/2025 6:10 AM"
,,"359","Design","11/10/2025 6:10 AM"
,,"372","Design","11/10/2025 6:10 AM"
,,"382","Design","11/10/2025 6:10 AM"
,,"379","Design","11/10/2025 6:10 AM"
,,"385","Design","11/10/2025 6:10 AM"
,,"361","Design","11/10/2025 6:10 AM"
,,"355","Design","11/10/2025 6:10 AM"
,,"389","Design","11/10/2025 6:10 AM"
,,"370","Design","11/10/2025 6:10 AM"
,,"390","Design","11/10/2025 6:10 AM"
,,"383","Design","11/10/2025 6:10 AM"
,,"401","Diagnose","11/10/2025 6:10 AM"
,,"369","Design","11/10/2025 6:10 AM"
,,"384","Design","11/10/2025 6:10 AM"
,,"406","Diagnose","11/10/2025 6:10 AM"
,,"396","Design","11/10/2025 6:10 AM"
,,"381","Design","11/10/2025 6:10 AM"
,,"371","Design","11/10/2025 6:10 AM"
,,"392","Design","11/10/2025 6:10 AM"
,,"400","Diagnose","11/10/2025 6:10 AM"
,,"365","Design","11/10/2025 6:10 AM"
,,"395","Design","11/10/2025 6:10 AM"
,,"364","Design","11/10/2025 6:10 AM"
,,"387","Design","11/10/2025 6:10 AM"
,,"378","Diagnose","11/10/2025 6:10 AM"
,,"367","Design","11/10/2025 6:10 AM"
,,"405","Diagnose","11/10/2025 6:10 AM"
,,"397","Design","11/10/2025 6:10 AM"
,,"403","Diagnose","11/10/2025 6:10 AM"
,,"391","Design","11/10/2025 6:10 AM"
,,"399","Diagnose","11/10/2025 6:10 AM"
,,"380","Design","11/10/2025 6:10 AM"
,,"398","Diagnose","11/10/2025 6:10 AM"
,,"366","Diagnose","11/10/2025 6:10 AM"
,,"357","Design","11/10/2025 6:10 AM"
,,"394","Design","11/10/2025 6:10 AM"
,,"370","Design","11/10/2025 6:10 AM"
,,"386","Design","11/10/2025 6:10 AM"
,,"410","Diagnose","11/10/2025 6:10 AM"
,,"359","Design","11/10/2025 6:10 AM"
,,"379","Design","11/10/2025 6:10 AM"
,,"361","Design","11/10/2025 6:10 AM"
,,"355","Design","11/10/2025 6:10 AM"
,,"393","Design","11/10/2025 6:10 AM"
,,"382","Design","11/10/2025 6:10 AM"
,,"372","Design","11/10/2025 6:10 AM"
,,"358","Diagnose","11/10/2025 6:10 AM"
,,"368","Design","11/10/2025 6:10 AM"
,,"362","Design","11/10/2025 6:10 AM"
,,"389","Design","11/10/2025 6:10 AM"
,,"396","Design","11/10/2025 6:10 AM"
,,"383","Design","11/10/2025 6:10 AM"
,,"390","Design","11/10/2025 6:10 AM"
,,"402","Diagnose","11/10/2025 6:10 AM"
,,"400","Diagnose","11/10/2025 6:10 AM"
,,"385","Design","11/10/2025 6:10 AM"
,,"369","Design","11/10/2025 6:10 AM"
,,"388","Design","11/10/2025 6:10 AM"
,,"378","Diagnose","11/10/2025 6:10 AM"
,,"360","Design","11/10/2025 6:10 AM"
,,"407","Diagnose","11/10/2025 6:10 AM"
,,"381","Design","11/10/2025 6:10 AM"
,,"371","Design","11/10/2025 6:10 AM"
,,"403","Diagnose","11/10/2025 6:10 AM"
,,"392","Design","11/10/2025 6:10 AM"
,,"401","Diagnose","11/10/2025 6:10 AM"
,,"364","Design","11/10/2025 6:10 AM"
,,"395","Design","11/10/2025 6:10 AM"
,,"365","Design","11/10/2025 6:10 AM"
,,"406","Diagnose","11/10/2025 6:10 AM"
,,"387","Design","11/10/2025 6:10 AM"
,,"367","Design","11/10/2025 6:10 AM"
,,"358","Diagnose","11/10/2025 6:10 AM"
,,"402","Diagnose","11/10/2025 6:10 AM"
,,"357","Design","11/10/2025 6:10 AM"
,,"380","Design","11/10/2025 6:10 AM"
,,"379","Design","11/10/2025 6:10 AM"
,,"370","Design","11/10/2025 6:10 AM"
,,"361","Design","11/10/2025 6:10 AM"
,,"359","Design","11/10/2025 6:10 AM"
,,"386","Design","11/10/2025 6:10 AM"
,,"372","Design","11/10/2025 6:10 AM"
,,"382","Design","11/10/2025 6:10 AM"
,,"409","Diagnose","11/10/2025 6:10 AM"
,,"360","Design","11/10/2025 6:10 AM"
,,"385","Design","11/10/2025 6:10 AM"
,,"362","Design","11/10/2025 6:10 AM"
,,"390","Design","11/10/2025 6:10 AM"
,,"369","Design","11/10/2025 6:10 AM"
,,"383","Design","11/10/2025 6:10 AM"
,,"396","Design","11/10/2025 6:10 AM"
,,"388","Design","11/10/2025 6:10 AM"
,,"384","Design","11/10/2025 6:10 AM"
,,"389","Design","11/10/2025 6:10 AM"
,,"401","Diagnose","11/10/2025 6:10 AM"
,,"397","Implemented","11/10/2025 6:10 AM"
,,"399","Design","11/10/2025 6:10 AM"
,,"398","Design","11/10/2025 6:10 AM"
,,"366","Design","11/10/2025 6:10 AM"
,,"405","Design","11/10/2025 6:10 AM"
,,"391","Design","11/10/2025 6:10 AM"
,,"355","Design","11/10/2025 6:10 AM"
,,"394","Implemented","11/10/2025 6:10 AM"
,,"407","Diagnose","11/10/2025 6:10 AM"
,,"358","Diagnose","11/10/2025 6:10 AM"
,,"404","Diagnose","11/10/2025 6:10 AM"
,,"408","Diagnose","11/10/2025 6:10 AM"
,,"393","Implemented","11/10/2025 6:10 AM"
,,"400","Design","11/10/2025 6:10 AM"
,,"410","Design","11/10/2025 6:10 AM"
,,"406","Diagnose","11/10/2025 6:10 AM"
,,"378","Design","11/10/2025 6:10 AM"
,,"371","Implemented","11/10/2025 6:10 AM"
,,"368","Implemented","11/10/2025 6:10 AM"
,,"397","Implemented","11/10/2025 6:10 AM"
,,"399","Design","11/10/2025 6:10 AM"
,,"364","Implemented","11/10/2025 6:10 AM"
,,"381","Implemented","11/10/2025 6:10 AM"
,,"392","Implemented","11/10/2025 6:10 AM"
,,"409","Diagnose","11/10/2025 6:10 AM"
,,"395","Implemented","11/10/2025 6:10 AM"
,,"360","Design","11/10/2025 6:10 AM"
,,"366","Design","11/10/2025 6:10 AM"
,,"405","Design","11/10/2025 6:10 AM"
,,"394","Implemented","11/10/2025 6:10 AM"
,,"358","Diagnose","11/10/2025 6:10 AM"
,,"402","Design","11/10/2025 6:10 AM"
,,"367","Implemented","11/10/2025 6:10 AM"
,,"393","Implemented","11/10/2025 6:10 AM"
,,"400","Design","11/10/2025 6:10 AM"
,,"410","Design","11/10/2025 6:10 AM"
,,"365","Implemented","11/10/2025 6:10 AM"
,,"403","Design","11/10/2025 6:10 AM"
,,"406","Diagnose","11/10/2025 6:10 AM"
,,"382","Implemented","11/10/2025 6:10 AM"
,,"387","Implemented","11/10/2025 6:10 AM"
,,"380","Implemented","11/10/2025 6:10 AM"
,,"379","Implemented","11/10/2025 6:10 AM"
,,"378","Design","11/10/2025 6:10 AM"
,,"398","Design","11/10/2025 6:10 AM"
,,"361","Implemented","11/10/2025 6:10 AM"
,,"371","Implemented","11/10/2025 6:10 AM"
,,"370","Implemented","11/10/2025 6:10 AM"
,,"404","Diagnose","11/10/2025 6:10 AM"
,,"386","Implemented","11/10/2025 6:10 AM"
,,"372","Implemented","11/10/2025 6:10 AM"
,,"408","Diagnose","11/10/2025 6:10 AM"
,,"397","Implemented","11/10/2025 6:10 AM"
,,"357","Implemented","11/10/2025 6:10 AM"
,,"385","Implemented","11/10/2025 6:10 AM"
,,"364","Implemented","11/10/2025 6:10 AM"
,,"388","Implemented","11/10/2025 6:10 AM"
,,"368","Implemented","11/10/2025 6:10 AM"
,,"384","Implemented","11/10/2025 6:10 AM"
,,"381","Implemented","11/10/2025 6:10 AM"
,,"392","Implemented","11/10/2025 6:10 AM"
,,"366","Design","11/10/2025 6:10 AM"
,,"369","Implemented","11/10/2025 6:10 AM"
,,"396","Implemented","11/10/2025 6:10 AM"
,,"389","Implemented","11/10/2025 6:10 AM"
,,"407","Diagnose","11/10/2025 6:10 AM"
,,"395","Implemented","11/10/2025 6:10 AM"
,,"383","Implemented","11/10/2025 6:10 AM"
,,"358","Diagnose","11/10/2025 6:10 AM"
,,"402","Design","11/10/2025 6:10 AM"
,,"391","Implemented","11/10/2025 6:10 AM"
,,"399","Design","11/10/2025 6:10 AM"
,,"390","Implemented","11/10/2025 6:10 AM"
,,"359","Implemented","11/10/2025 6:10 AM"
,,"367","Implemented","11/10/2025 6:10 AM"
,,"403","Design","11/10/2025 6:10 AM"
,,"393","Implemented","11/10/2025 6:10 AM"
,,"365","Implemented","11/10/2025 6:10 AM"
,,"380","Implemented","11/10/2025 6:10 AM"
,,"382","Implemented","11/10/2025 6:10 AM"
,,"362","Implemented","11/10/2025 6:10 AM"
,,"361","Implemented","11/10/2025 6:10 AM"
,,"370","Implemented","11/10/2025 6:10 AM"
,,"394","Implemented","11/10/2025 6:10 AM"
,,"387","Implemented","11/10/2025 6:10 AM"
,,"371","Implemented","11/10/2025 6:10 AM"
,,"386","Implemented","11/10/2025 6:10 AM"
,,"378","Design","11/10/2025 6:10 AM"
,,"401","Design","11/10/2025 6:10 AM"
,,"357","Implemented","11/10/2025 6:10 AM"
,,"364","Implemented","11/10/2025 6:10 AM"
,,"408","Diagnose","11/10/2025 6:10 AM"
,,"372","Implemented","11/10/2025 6:10 AM"
,,"368","Implemented","11/10/2025 6:10 AM"
,,"385","Implemented","11/10/2025 6:10 AM"
,,"355","Implemented","11/10/2025 6:10 AM"
,,"406","Diagnose","11/10/2025 6:10 AM"
,,"388","Implemented","11/10/2025 6:10 AM"
,,"404","Diagnose","11/10/2025 6:10 AM"
,,"379","Implemented","11/10/2025 6:10 AM"
,,"384","Implemented","11/10/2025 6:10 AM"
,,"381","Implemented","11/10/2025 6:10 AM"
,,"392","Implemented","11/10/2025 6:10 AM"
,,"400","Design","11/10/2025 6:10 AM"
,,"396","Implemented","11/10/2025 6:10 AM"
,,"389","Implemented","11/10/2025 6:10 AM"
,,"405","Design","11/10/2025 6:10 AM"
,,"383","Implemented","11/10/2025 6:10 AM"
,,"369","Implemented","11/10/2025 6:10 AM"
,,"407","Diagnose","11/10/2025 6:10 AM"
,,"398","Design","11/10/2025 6:10 AM"
,,"358","Diagnose","11/10/2025 6:10 AM"
,,"390","Implemented","11/10/2025 6:10 AM"
,,"391","Implemented","11/10/2025 6:10 AM"
,,"367","Implemented","11/10/2025 6:10 AM"
,,"359","Implemented","11/10/2025 6:10 AM"
,,"410","Design","11/10/2025 6:10 AM"
,,"382","Implemented","11/10/2025 6:10 AM"
,,"360","Implemented","11/10/2025 6:10 AM"
,,"380","Implemented","11/10/2025 6:10 AM"
,,"395","Implemented","11/10/2025 6:10 AM"
,,"362","Implemented","11/10/2025 6:10 AM"
,,"403","Design","11/10/2025 6:10 AM"
,,"402","Design","11/10/2025 6:10 AM"
,,"365","Implemented","11/10/2025 6:10 AM"
,,"409","Diagnose","11/10/2025 6:10 AM"
,,"387","Implemented","11/10/2025 6:10 AM"
,,"386","Implemented","11/10/2025 6:10 AM"
,,"361","Implemented","11/10/2025 6:10 AM"
,,"357","Implemented","11/10/2025 6:10 AM"
,,"370","Implemented","11/10/2025 6:10 AM"
,,"384","Implemented","11/10/2025 6:10 AM"
,,"401","Design","11/10/2025 6:10 AM"
,,"372","Implemented","11/10/2025 6:10 AM"
,,"379","Implemented","11/10/2025 6:10 AM"
,,"385","Implemented","11/10/2025 6:10 AM"
,,"389","Implemented","11/10/2025 6:10 AM"
,,"390","Implemented","11/10/2025 6:10 AM"
,,"383","Implemented","11/10/2025 6:10 AM"
,,"391","Implemented","11/10/2025 6:10 AM"
,,"396","Implemented","11/10/2025 6:10 AM"
,,"388","Implemented","11/10/2025 6:10 AM"
,,"366","Design","11/10/2025 6:10 AM"
,,"407","Diagnose","11/10/2025 6:10 AM"
,,"359","Implemented","11/10/2025 6:10 AM"
,,"369","Implemented","11/10/2025 6:10 AM"
,,"355","Implemented","11/10/2025 6:10 AM"
,,"360","Implemented","11/10/2025 6:10 AM"
,,"362","Implemented","11/10/2025 6:10 AM"
,,"409","Diagnose","11/10/2025 6:10 AM"
,,"399","Implemented","11/10/2025 6:10 AM"
,,"378","Design","11/10/2025 6:10 AM"
,,"400","Implemented","11/10/2025 6:10 AM"
,,"406","Design","11/10/2025 6:10 AM"
,,"398","Implemented","11/10/2025 6:10 AM"
,,"401","Design","11/10/2025 6:10 AM"
,,"405","Implemented","11/10/2025 6:10 AM"
,,"408","Diagnose","11/10/2025 6:10 AM"
,,"404","Diagnose","11/10/2025 6:10 AM"
,,"410","Implemented","11/10/2025 6:10 AM"
,,"403","Implemented","11/10/2025 6:10 AM"
,,"407","Diagnose","11/10/2025 6:10 AM"
,,"366","Design","11/10/2025 6:10 AM"
,,"412","Diagnose","11/10/2025 6:10 AM"
,,"358","Design","11/10/2025 6:10 AM"
,,"355","Implemented","11/10/2025 6:10 AM"
,,"409","Diagnose","11/10/2025 6:10 AM"
,,"402","Implemented","11/10/2025 6:10 AM"
,,"399","Implemented","11/10/2025 6:10 AM"
,,"360","Implemented","11/10/2025 6:10 AM"
,,"378","Design","11/10/2025 6:10 AM"
,,"400","Implemented","11/10/2025 6:10 AM"
,,"406","Design","11/10/2025 6:10 AM"
,,"398","Implemented","11/10/2025 6:10 AM"
,,"408","Diagnose","11/10/2025 6:10 AM"
,,"405","Implemented","11/10/2025 6:10 AM"
,,"403","Implemented","11/10/2025 6:10 AM"
,,"407","Diagnose","11/10/2025 6:10 AM"
,,"404","Diagnose","11/10/2025 6:10 AM"
,,"410","Implemented","11/10/2025 6:10 AM"
,,"358","Design","11/10/2025 6:10 AM"
,,"399","Implemented","11/10/2025 6:10 AM"
,,"409","Diagnose","11/10/2025 6:10 AM"
,,"366","Implemented","11/10/2025 6:11 AM"
,,"378","Implemented","11/10/2025 6:11 AM"
,,"435","Diagnose","11/10/2025 6:11 AM"
,,"417","Diagnose","11/10/2025 6:11 AM"
,,"413","Diagnose","11/10/2025 6:11 AM"
,,"407","Design","11/10/2025 6:11 AM"
,,"432","Diagnose","11/10/2025 6:11 AM"
,,"426","Diagnose","11/10/2025 6:11 AM"
,,"412","Diagnose","11/10/2025 6:11 AM"
,,"366","Implemented","11/10/2025 6:11 AM"
,,"434","Diagnose","11/10/2025 6:11 AM"
,,"405","Implemented","11/10/2025 6:11 AM"
,,"420","Diagnose","11/10/2025 6:11 AM"
,,"408","Diagnose","11/10/2025 6:11 AM"
,,"425","Diagnose","11/10/2025 6:11 AM"
,,"398","Implemented","11/10/2025 6:11 AM"
,,"378","Implemented","11/10/2025 6:11 AM"
,,"430","Diagnose","11/10/2025 6:11 AM"
,,"419","Diagnose","11/10/2025 6:11 AM"
,,"435","Diagnose","11/10/2025 6:11 AM"
,,"403","Implemented","11/10/2025 6:11 AM"
,,"429","Diagnose","11/10/2025 6:11 AM"
,,"358","Design","11/10/2025 6:11 AM"
,,"404","Diagnose","11/10/2025 6:11 AM"
,,"409","Diagnose","11/10/2025 6:11 AM"
,,"422","Diagnose","11/10/2025 6:11 AM"
,,"423","Diagnose","11/10/2025 6:11 AM"
,,"431","Diagnose","11/10/2025 6:11 AM"
,,"407","Design","11/10/2025 6:11 AM"
,,"417","Diagnose","11/10/2025 6:11 AM"
,,"401","Implemented","11/10/2025 6:11 AM"
,,"410","Implemented","11/10/2025 6:11 AM"
,,"412","Diagnose","11/10/2025 6:11 AM"
,,"366","Implemented","11/10/2025 6:11 AM"
,,"432","Diagnose","11/10/2025 6:11 AM"
,,"413","Diagnose","11/10/2025 6:11 AM"
,,"408","Diagnose","11/10/2025 6:11 AM"
,,"378","Implemented","11/10/2025 6:11 AM"
,,"426","Diagnose","11/10/2025 6:11 AM"
,,"425","Diagnose","11/10/2025 6:11 AM"
,,"434","Diagnose","11/10/2025 6:11 AM"
,,"420","Diagnose","11/10/2025 6:11 AM"
,,"435","Diagnose","11/10/2025 6:11 AM"
,,"404","Diagnose","11/10/2025 6:11 AM"
,,"411","Diagnose","11/10/2025 6:11 AM"
,,"411","Diagnose","11/10/2025 6:11 AM"
,,"411","Diagnose","11/10/2025 6:11 AM"
,,"433","Diagnose","11/10/2025 6:11 AM"
,,"411","Design","11/10/2025 6:11 AM"
,,"433","Diagnose","11/10/2025 6:11 AM"
,,"418","Diagnose","11/10/2025 6:11 AM"
,,"411","Design","11/10/2025 6:11 AM"
,,"424","Diagnose","11/10/2025 6:11 AM"
,,"433","Diagnose","11/10/2025 6:11 AM"
,,"418","Diagnose","11/10/2025 6:11 AM"
,,"411","Design","11/10/2025 6:11 AM"
,,"424","Diagnose","11/10/2025 6:11 AM"
,,"406","Design","11/10/2025 6:11 AM"
,,"418","Diagnose","11/10/2025 6:11 AM"
,,"424","Diagnose","11/10/2025 6:11 AM"
,,"409","Diagnose","11/10/2025 6:11 AM"
,,"430","Diagnose","11/10/2025 6:11 AM"
,,"358","Design","11/10/2025 6:11 AM"
,,"366","Implemented","11/10/2025 6:11 AM"
,,"401","Implemented","11/10/2025 6:11 AM"
,,"411","Implemented","11/10/2025 6:11 AM"
,,"433","Diagnose","11/10/2025 6:11 AM"
,,"422","Diagnose","11/10/2025 6:11 AM"
,,"408","Diagnose","11/10/2025 6:11 AM"
,,"413","Diagnose","11/10/2025 6:11 AM"
,,"426","Diagnose","11/10/2025 6:11 AM"
,,"406","Design","11/10/2025 6:11 AM"
,,"420","Diagnose","11/10/2025 6:11 AM"
,,"431","Diagnose","11/10/2025 6:11 AM"
,,"434","Diagnose","11/10/2025 6:11 AM"
,,"432","Diagnose","11/10/2025 6:11 AM"
,,"407","Design","11/10/2025 6:11 AM"
,,"425","Diagnose","11/10/2025 6:11 AM"
,,"409","Diagnose","11/10/2025 6:11 AM"
,,"378","Implemented","11/10/2025 6:11 AM"
,,"430","Diagnose","11/10/2025 6:11 AM"
,,"366","Implemented","11/10/2025 6:11 AM"
,,"416","Diagnose","11/10/2025 6:11 AM"
,,"401","Implemented","11/10/2025 6:11 AM"
,,"433","Diagnose","11/10/2025 6:11 AM"
,,"411","Implemented","11/10/2025 6:11 AM"
,,"408","Diagnose","11/10/2025 6:11 AM"
,,"422","Diagnose","11/10/2025 6:11 AM"
,,"406","Design","11/10/2025 6:11 AM"
,,"412","Diagnose","11/10/2025 6:11 AM"
,,"415","Diagnose","11/10/2025 6:11 AM"
,,"435","Diagnose","11/10/2025 6:11 AM"
,,"431","Diagnose","11/10/2025 6:11 AM"
,,"417","Diagnose","11/10/2025 6:11 AM"
,,"407","Design","11/10/2025 6:11 AM"
,,"424","Diagnose","11/10/2025 6:11 AM"
,,"418","Diagnose","11/10/2025 6:11 AM"
,,"358","Design","11/10/2025 6:11 AM"
,,"378","Implemented","11/10/2025 6:11 AM"
,,"433","Diagnose","11/10/2025 6:11 AM"
,,"419","Diagnose","11/10/2025 6:11 AM"
,,"413","Design","11/10/2025 6:11 AM"
,,"412","Diagnose","11/10/2025 6:11 AM"
,,"423","Diagnose","11/10/2025 6:11 AM"
,,"426","Diagnose","11/10/2025 6:11 AM"
,,"435","Diagnose","11/10/2025 6:11 AM"
,,"411","Implemented","11/10/2025 6:11 AM"
,,"420","Diagnose","11/10/2025 6:11 AM"
,,"424","Diagnose","11/10/2025 6:11 AM"
,,"415","Diagnose","11/10/2025 6:11 AM"
,,"430","Diagnose","11/10/2025 6:11 AM"
,,"416","Diagnose","11/10/2025 6:11 AM"
,,"434","Diagnose","11/10/2025 6:11 AM"
,,"425","Diagnose","11/10/2025 6:11 AM"
,,"432","Diagnose","11/10/2025 6:11 AM"
,,"358","Design","11/10/2025 6:11 AM"
,,"418","Diagnose","11/10/2025 6:11 AM"
,,"419","Diagnose","11/10/2025 6:11 AM"
,,"433","Diagnose","11/10/2025 6:11 AM"
,,"409","Design","11/10/2025 6:11 AM"
,,"422","Design","11/10/2025 6:11 AM"
,,"413","Design","11/10/2025 6:11 AM"
,,"417","Design","11/10/2025 6:11 AM"
,,"426","Diagnose","11/10/2025 6:11 AM"
,,"412","Diagnose","11/10/2025 6:11 AM"
,,"406","Implemented","11/10/2025 6:11 AM"
,,"407","Design","11/10/2025 6:11 AM"
,,"423","Diagnose","11/10/2025 6:11 AM"
,,"431","Diagnose","11/10/2025 6:11 AM"
,,"420","Diagnose","11/10/2025 6:11 AM"
,,"435","Diagnose","11/10/2025 6:11 AM"
,,"408","Design","11/10/2025 6:11 AM"
,,"415","Diagnose","11/10/2025 6:11 AM"
,,"430","Diagnose","11/10/2025 6:11 AM"
,,"424","Diagnose","11/10/2025 6:11 AM"
,,"416","Diagnose","11/10/2025 6:11 AM"
,,"434","Diagnose","11/10/2025 6:11 AM"
,,"432","Diagnose","11/10/2025 6:11 AM"
,,"425","Diagnose","11/10/2025 6:11 AM"
,,"358","Design","11/10/2025 6:11 AM"
,,"422","Design","11/10/2025 6:11 AM"
,,"433","Diagnose","11/10/2025 6:11 AM"
,,"429","Diagnose","11/10/2025 6:11 AM"
,,"418","Diagnose","11/10/2025 6:11 AM"
,,"421","Diagnose","11/10/2025 6:11 AM"
,,"402","Implemented","11/10/2025 6:11 AM"
,,"400","Implemented","11/10/2025 6:11 AM"
,,"402","Implemented","11/10/2025 6:11 AM"
,,"421","Diagnose","11/10/2025 6:11 AM"
,,"421","Diagnose","11/10/2025 6:11 AM"
,,"421","Design","11/10/2025 6:11 AM"
,,"421","Design","11/10/2025 6:11 AM"
,,"409","Design","11/10/2025 6:11 AM"
,,"413","Design","11/10/2025 6:11 AM"
,,"406","Implemented","11/10/2025 6:11 AM"
,,"408","Design","11/10/2025 6:11 AM"
,,"431","Diagnose","11/10/2025 6:11 AM"
,,"407","Design","11/10/2025 6:11 AM"
,,"424","Diagnose","11/10/2025 6:11 AM"
,,"430","Diagnose","11/10/2025 6:11 AM"
,,"435","Diagnose","11/10/2025 6:11 AM"
,,"419","Diagnose","11/10/2025 6:11 AM"
,,"421","Design","11/10/2025 6:11 AM"
,,"425","Diagnose","11/10/2025 6:11 AM"
,,"418","Diagnose","11/10/2025 6:11 AM"
,,"429","Diagnose","11/10/2025 6:11 AM"
,,"415","Design","11/10/2025 6:11 AM"
,,"406","Implemented","11/10/2025 6:11 AM"
,,"431","Diagnose","11/10/2025 6:11 AM"
,,"407","Design","11/10/2025 6:11 AM"
,,"424","Diagnose","11/10/2025 6:11 AM"
,,"409","Design","11/10/2025 6:11 AM"
,,"430","Diagnose","11/10/2025 6:11 AM"
,,"416","Design","11/10/2025 6:11 AM"
,,"358","Implemented","11/10/2025 6:11 AM"
,,"434","Diagnose","11/10/2025 6:11 AM"
,,"435","Diagnose","11/10/2025 6:11 AM"
,,"408","Design","11/10/2025 6:11 AM"
,,"419","Diagnose","11/10/2025 6:11 AM"
,,"417","Design","11/10/2025 6:11 AM"
,,"425","Diagnose","11/10/2025 6:11 AM"
,,"413","Implemented","11/10/2025 6:11 AM"
,,"415","Design","11/10/2025 6:11 AM"
,,"426","Diagnose","11/10/2025 6:11 AM"
,,"418","Diagnose","11/10/2025 6:11 AM"
,,"412","Diagnose","11/10/2025 6:11 AM"
,,"431","Diagnose","11/10/2025 6:11 AM"
,,"420","Diagnose","11/10/2025 6:11 AM"
,,"424","Diagnose","11/10/2025 6:11 AM"
,,"427","Diagnose","11/10/2025 6:11 AM"
,,"406","Implemented","11/10/2025 6:11 AM"
,,"409","Design","11/10/2025 6:11 AM"
,,"430","Diagnose","11/10/2025 6:11 AM"
,,"358","Implemented","11/10/2025 6:11 AM"
,,"434","Diagnose","11/10/2025 6:11 AM"
,,"422","Design","11/10/2025 6:11 AM"
,,"416","Design","11/10/2025 6:11 AM"
,,"421","Implemented","11/10/2025 6:11 AM"
,,"433","Diagnose","11/10/2025 6:11 AM"
,,"435","Diagnose","11/10/2025 6:11 AM"
,,"432","Diagnose","11/10/2025 6:11 AM"
,,"419","Diagnose","11/10/2025 6:11 AM"
,,"408","Design","11/10/2025 6:11 AM"
,,"413","Implemented","11/10/2025 6:11 AM"
,,"426","Diagnose","11/10/2025 6:11 AM"
,,"423","Design","11/10/2025 6:11 AM"
,,"418","Diagnose","11/10/2025 6:11 AM"
,,"425","Diagnose","11/10/2025 6:11 AM"
,,"429","Diagnose","11/10/2025 6:11 AM"
,,"407","Implemented","11/10/2025 6:11 AM"
,,"412","Diagnose","11/10/2025 6:11 AM"
,,"415","Design","11/10/2025 6:11 AM"
,,"431","Diagnose","11/10/2025 6:11 AM"
,,"420","Diagnose","11/10/2025 6:11 AM"
,,"417","Design","11/10/2025 6:11 AM"
,,"406","Implemented","11/10/2025 6:11 AM"
,,"409","Design","11/10/2025 6:11 AM"
,,"358","Implemented","11/10/2025 6:11 AM"
,,"427","Diagnose","11/10/2025 6:11 AM"
,,"434","Diagnose","11/10/2025 6:11 AM"
,,"430","Diagnose","11/10/2025 6:11 AM"
,,"432","Diagnose","11/10/2025 6:11 AM"
,,"419","Diagnose","11/10/2025 6:11 AM"
,,"421","Implemented","11/10/2025 6:11 AM"
,,"408","Design","11/10/2025 6:11 AM"
,,"413","Implemented","11/10/2025 6:11 AM"
,,"426","Diagnose","11/10/2025 6:11 AM"
,,"423","Design","11/10/2025 6:11 AM"
,,"425","Diagnose","11/10/2025 6:11 AM"
,,"418","Diagnose","11/10/2025 6:11 AM"
,,"429","Diagnose","11/10/2025 6:11 AM"
,,"416","Design","11/10/2025 6:11 AM"
,,"412","Diagnose","11/10/2025 6:11 AM"
,,"407","Implemented","11/10/2025 6:11 AM"
,,"424","Design","11/10/2025 6:11 AM"
,,"358","Implemented","11/10/2025 6:11 AM"
,,"431","Diagnose","11/10/2025 6:11 AM"
,,"420","Diagnose","11/10/2025 6:11 AM"
,,"427","Diagnose","11/10/2025 6:11 AM"
,,"419","Diagnose","11/10/2025 6:11 AM"
,,"432","Diagnose","11/10/2025 6:11 AM"
,,"433","Design","11/10/2025 6:11 AM"
,,"434","Diagnose","11/10/2025 6:11 AM"
,,"421","Implemented","11/10/2025 6:11 AM"
,,"408","Design","11/10/2025 6:11 AM"
,,"426","Diagnose","11/10/2025 6:11 AM"
,,"435","Design","11/10/2025 6:11 AM"
,,"422","Implemented","11/10/2025 6:11 AM"
,,"418","Diagnose","11/10/2025 6:11 AM"
,,"429","Diagnose","11/10/2025 6:11 AM"
,,"424","Design","11/10/2025 6:11 AM"
,,"423","Design","11/10/2025 6:11 AM"
,,"358","Implemented","11/10/2025 6:11 AM"
,,"417","Implemented","11/10/2025 6:11 AM"
,,"415","Implemented","11/10/2025 6:11 AM"
,,"407","Implemented","11/10/2025 6:11 AM"
,,"409","Design","11/10/2025 6:11 AM"
,,"420","Diagnose","11/10/2025 6:11 AM"
,,"433","Design","11/10/2025 6:11 AM"
,,"432","Diagnose","11/10/2025 6:11 AM"
,,"430","Design","11/10/2025 6:11 AM"
,,"422","Implemented","11/10/2025 6:11 AM"
,,"429","Diagnose","11/10/2025 6:11 AM"
,,"425","Design","11/10/2025 6:11 AM"
,,"404","Diagnose","11/10/2025 6:11 AM"
,,"416","Implemented","11/10/2025 6:11 AM"
,,"358","Implemented","11/10/2025 6:11 AM"
,,"417","Implemented","11/10/2025 6:11 AM"
,,"415","Implemented","11/10/2025 6:11 AM"
,,"412","Design","11/10/2025 6:11 AM"
,,"407","Implemented","11/10/2025 6:11 AM"
,,"409","Design","11/10/2025 6:11 AM"
,,"427","Diagnose","11/10/2025 6:11 AM"
,,"424","Design","11/10/2025 6:11 AM"
,,"431","Design","11/10/2025 6:11 AM"
,,"430","Design","11/10/2025 6:11 AM"
,,"426","Design","11/10/2025 6:11 AM"
,,"422","Implemented","11/10/2025 6:11 AM"
,,"433","Design","11/10/2025 6:11 AM"
,,"425","Design","11/10/2025 6:11 AM"
,,"358","Implemented","11/10/2025 6:11 AM"
,,"429","Diagnose","11/10/2025 6:11 AM"
,,"423","Implemented","11/10/2025 6:11 AM"
,,"417","Implemented","11/10/2025 6:11 AM"
,,"404","Diagnose","11/10/2025 6:11 AM"
,,"416","Implemented","11/10/2025 6:11 AM"
,,"415","Implemented","11/10/2025 6:11 AM"
,,"407","Implemented","11/10/2025 6:11 AM"
,,"418","Design","11/10/2025 6:11 AM"
,,"431","Design","11/10/2025 6:11 AM"
,,"409","Design","11/10/2025 6:11 AM"
,,"424","Design","11/10/2025 6:11 AM"
,,"420","Design","11/10/2025 6:11 AM"
,,"412","Design","11/10/2025 6:11 AM"
,,"427","Diagnose","11/10/2025 6:11 AM"
,,"419","Diagnose","11/10/2025 6:11 AM"
,,"428","Diagnose","11/10/2025 6:11 AM"
,,"435","Design","11/10/2025 6:11 AM"
,,"432","Design","11/10/2025 6:11 AM"
,,"433","Design","11/10/2025 6:11 AM"
,,"426","Design","11/10/2025 6:11 AM"
,,"430","Design","11/10/2025 6:11 AM"
,,"429","Diagnose","11/10/2025 6:11 AM"
,,"423","Implemented","11/10/2025 6:11 AM"
,,"416","Implemented","11/10/2025 6:11 AM"
,,"425","Design","11/10/2025 6:11 AM"
,,"418","Design","11/10/2025 6:11 AM"
,,"407","Implemented","11/10/2025 6:11 AM"
,,"409","Design","11/10/2025 6:11 AM"
,,"420","Design","11/10/2025 6:11 AM"
,,"427","Diagnose","11/10/2025 6:11 AM"
,,"424","Design","11/10/2025 6:11 AM"
,,"433","Design","11/10/2025 6:11 AM"
,,"430","Design","11/10/2025 6:11 AM"
,,"432","Design","11/10/2025 6:11 AM"
,,"431","Design","11/10/2025 6:11 AM"
,,"423","Implemented","11/10/2025 6:11 AM"
,,"434","Design","11/10/2025 6:11 AM"
,,"408","Design","11/10/2025 6:11 AM"
,,"426","Design","11/10/2025 6:11 AM"
,,"428","Diagnose","11/10/2025 6:11 AM"
,,"435","Design","11/10/2025 6:11 AM"
,,"412","Design","11/10/2025 6:11 AM"
,,"425","Design","11/10/2025 6:11 AM"
,,"407","Implemented","11/10/2025 6:11 AM"
,,"404","Design","11/10/2025 6:11 AM"
,,"427","Diagnose","11/10/2025 6:11 AM"
,,"431","Design","11/10/2025 6:11 AM"
,,"424","Design","11/10/2025 6:11 AM"
,,"433","Design","11/10/2025 6:11 AM"
,,"418","Design","11/10/2025 6:11 AM"
,,"430","Design","11/10/2025 6:11 AM"
,,"419","Design","11/10/2025 6:11 AM"
,,"434","Design","11/10/2025 6:11 AM"
,,"408","Design","11/10/2025 6:11 AM"
,,"420","Design","11/10/2025 6:11 AM"
,,"428","Diagnose","11/10/2025 6:11 AM"
,,"435","Design","11/10/2025 6:11 AM"
,,"426","Design","11/10/2025 6:11 AM"
,,"429","Design","11/10/2025 6:11 AM"
,,"425","Design","11/10/2025 6:11 AM"
,,"432","Design","11/10/2025 6:11 AM"
,,"412","Design","11/10/2025 6:11 AM"
,,"409","Implemented","11/10/2025 6:11 AM"
,,"404","Design","11/10/2025 6:11 AM"
,,"431","Design","11/10/2025 6:11 AM"
,,"427","Diagnose","11/10/2025 6:11 AM"
,,"430","Design","11/10/2025 6:11 AM"
,,"418","Design","11/10/2025 6:11 AM"
,,"419","Design","11/10/2025 6:11 AM"
,,"408","Design","11/10/2025 6:11 AM"
,,"420","Design","11/10/2025 6:11 AM"
,,"435","Design","11/10/2025 6:11 AM"
,,"426","Design","11/10/2025 6:11 AM"
,,"429","Design","11/10/2025 6:11 AM"
,,"425","Design","11/10/2025 6:11 AM"
,,"432","Design","11/10/2025 6:11 AM"
,,"434","Design","11/10/2025 6:11 AM"
,,"412","Design","11/10/2025 6:11 AM"
,,"424","Design","11/10/2025 6:11 AM"
,,"409","Implemented","11/10/2025 6:11 AM"
,,"433","Design","11/10/2025 6:11 AM"
,,"431","Design","11/10/2025 6:11 AM"
,,"404","Design","11/10/2025 6:11 AM"
,,"427","Diagnose","11/10/2025 6:11 AM"
,,"418","Design","11/10/2025 6:11 AM"
,,"420","Design","11/10/2025 6:11 AM"
,,"412","Design","11/10/2025 6:11 AM"
,,"426","Design","11/10/2025 6:11 AM"
,,"434","Design","11/10/2025 6:11 AM"
,,"432","Design","11/10/2025 6:11 AM"
,,"419","Design","11/10/2025 6:11 AM"
,,"435","Design","11/10/2025 6:11 AM"
,,"424","Design","11/10/2025 6:11 AM"
,,"409","Implemented","11/10/2025 6:11 AM"
,,"433","Design","11/10/2025 6:11 AM"
,,"404","Design","11/10/2025 6:11 AM"
,,"428","Diagnose","11/10/2025 6:11 AM"
,,"429","Design","11/10/2025 6:11 AM"
,,"430","Design","11/10/2025 6:11 AM"
,,"418","Design","11/10/2025 6:11 AM"
,,"420","Design","11/10/2025 6:11 AM"
,,"425","Design","11/10/2025 6:11 AM"
,,"408","Implemented","11/10/2025 6:11 AM"
,,"434","Design","11/10/2025 6:11 AM"
,,"419","Design","11/10/2025 6:11 AM"
,,"432","Design","11/10/2025 6:11 AM"
,,"424","Design","11/10/2025 6:11 AM"
,,"414","Diagnose","11/10/2025 6:11 AM"
,,"409","Implemented","11/10/2025 6:11 AM"
,,"404","Design","11/10/2025 6:11 AM"
,,"431","Design","11/10/2025 6:11 AM"
,,"428","Diagnose","11/10/2025 6:11 AM"
,,"429","Design","11/10/2025 6:11 AM"
,,"430","Design","11/10/2025 6:11 AM"
,,"433","Design","11/10/2025 6:11 AM"
,,"427","Design","11/10/2025 6:11 AM"
,,"418","Design","11/10/2025 6:11 AM"
,,"425","Design","11/10/2025 6:11 AM"
,,"408","Implemented","11/10/2025 6:11 AM"
,,"426","Design","11/10/2025 6:11 AM"
,,"419","Design","11/10/2025 6:11 AM"
,,"434","Design","11/10/2025 6:11 AM"
,,"409","Implemented","11/10/2025 6:11 AM"
,,"435","Design","11/10/2025 6:11 AM"
,,"431","Design","11/10/2025 6:11 AM"
,,"430","Design","11/10/2025 6:11 AM"
,,"412","Design","11/10/2025 6:11 AM"
,,"428","Diagnose","11/10/2025 6:11 AM"
,,"427","Design","11/10/2025 6:11 AM"
,,"404","Design","11/10/2025 6:11 AM"
,,"429","Design","11/10/2025 6:11 AM"
,,"414","Diagnose","11/10/2025 6:11 AM"
,,"425","Design","11/10/2025 6:11 AM"
,,"426","Design","11/10/2025 6:11 AM"
,,"408","Implemented","11/10/2025 6:11 AM"
,,"432","Design","11/10/2025 6:11 AM"
,,"419","Design","11/10/2025 6:11 AM"
,,"409","Implemented","11/10/2025 6:11 AM"
,,"431","Design","11/10/2025 6:11 AM"
,,"435","Design","11/10/2025 6:11 AM"
,,"420","Design","11/10/2025 6:11 AM"
,,"428","Diagnose","11/10/2025 6:11 AM"
,,"414","Diagnose","11/10/2025 6:11 AM"
,,"412","Design","11/10/2025 6:11 AM"
,,"424","Implemented","11/10/2025 6:11 AM"
,,"429","Design","11/10/2025 6:11 AM"
,,"434","Design","11/10/2025 6:11 AM"
,,"432","Design","11/10/2025 6:11 AM"
,,"426","Design","11/10/2025 6:11 AM"
,,"418","Design","11/10/2025 6:11 AM"
,,"427","Design","11/10/2025 6:11 AM"
,,"409","Implemented","11/10/2025 6:11 AM"
,,"435","Design","11/10/2025 6:11 AM"
,,"420","Design","11/10/2025 6:11 AM"
,,"408","Implemented","11/10/2025 6:11 AM"
,,"430","Implemented","11/10/2025 6:11 AM"
,,"428","Diagnose","11/10/2025 6:11 AM"
,,"412","Design","11/10/2025 6:11 AM"
,,"424","Implemented","11/10/2025 6:11 AM"
,,"404","Design","11/10/2025 6:11 AM"
,,"434","Design","11/10/2025 6:11 AM"
,,"432","Design","11/10/2025 6:11 AM"
,,"425","Implemented","11/10/2025 6:11 AM"
,,"418","Design","11/10/2025 6:11 AM"
,,"427","Design","11/10/2025 6:11 AM"
,,"409","Implemented","11/10/2025 6:11 AM"
,,"430","Implemented","11/10/2025 6:11 AM"
,,"408","Implemented","11/10/2025 6:11 AM"
,,"420","Design","11/10/2025 6:11 AM"
,,"419","Design","11/10/2025 6:11 AM"
,,"431","Implemented","11/10/2025 6:11 AM"
,,"428","Diagnose","11/10/2025 6:11 AM"
,,"424","Implemented","11/10/2025 6:11 AM"
,,"429","Design","11/10/2025 6:11 AM"
,,"434","Design","11/10/2025 6:11 AM"
,,"404","Design","11/10/2025 6:11 AM"
,,"414","Design","11/10/2025 6:11 AM"
,,"425","Implemented","11/10/2025 6:11 AM"
,,"418","Design","11/10/2025 6:11 AM"
,,"426","Implemented","11/10/2025 6:11 AM"
,,"430","Implemented","11/10/2025 6:11 AM"
,,"409","Implemented","11/10/2025 6:11 AM"
,,"408","Implemented","11/10/2025 6:11 AM"
,,"419","Design","11/10/2025 6:11 AM"
,,"429","Design","11/10/2025 6:11 AM"
,,"414","Design","11/10/2025 6:11 AM"
,,"427","Design","11/10/2025 6:11 AM"
,,"404","Design","11/10/2025 6:11 AM"
,,"425","Implemented","11/10/2025 6:11 AM"
,,"412","Implemented","11/10/2025 6:11 AM"
,,"426","Implemented","11/10/2025 6:11 AM"
,,"418","Design","11/10/2025 6:11 AM"
,,"431","Implemented","11/10/2025 6:11 AM"
,,"408","Implemented","11/10/2025 6:11 AM"
,,"419","Design","11/10/2025 6:11 AM"
,,"430","Implemented","11/10/2025 6:11 AM"
,,"424","Implemented","11/10/2025 6:11 AM"
,,"420","Implemented","11/10/2025 6:11 AM"
,,"428","Design","11/10/2025 6:11 AM"
,,"427","Design","11/10/2025 6:11 AM"
,,"429","Design","11/10/2025 6:11 AM"
,,"426","Implemented","11/10/2025 6:11 AM"
,,"412","Implemented","11/10/2025 6:11 AM"
,,"431","Implemented","11/10/2025 6:11 AM"
,,"414","Design","11/10/2025 6:11 AM"
,,"408","Implemented","11/10/2025 6:11 AM"
,,"430","Implemented","11/10/2025 6:11 AM"
,,"424","Implemented","11/10/2025 6:11 AM"
,,"420","Implemented","11/10/2025 6:11 AM"
,,"428","Design","11/10/2025 6:11 AM"
,,"412","Implemented","11/10/2025 6:11 AM"
,,"418","Implemented","11/10/2025 6:11 AM"
,,"425","Implemented","11/10/2025 6:11 AM"
,,"426","Implemented","11/10/2025 6:11 AM"
,,"404","Implemented","11/10/2025 6:11 AM"
,,"431","Implemented","11/10/2025 6:11 AM"
,,"408","Implemented","11/10/2025 6:11 AM"
,,"430","Implemented","11/10/2025 6:11 AM"
,,"419","Implemented","11/10/2025 6:11 AM"
,,"424","Implemented","11/10/2025 6:11 AM"
,,"427","Design","11/10/2025 6:11 AM"
,,"420","Implemented","11/10/2025 6:11 AM"
,,"429","Implemented","11/10/2025 6:11 AM"
,,"418","Implemented","11/10/2025 6:11 AM"
,,"428","Design","11/10/2025 6:11 AM"
,,"425","Implemented","11/10/2025 6:11 AM"
,,"426","Implemented","11/10/2025 6:11 AM"
,,"412","Implemented","11/10/2025 6:11 AM"
,,"414","Implemented","11/10/2025 6:11 AM"
,,"404","Implemented","11/10/2025 6:11 AM"
,,"431","Implemented","11/10/2025 6:11 AM"
,,"419","Implemented","11/10/2025 6:11 AM"
,,"424","Implemented","11/10/2025 6:11 AM"
,,"430","Implemented","11/10/2025 6:11 AM"
,,"427","Design","11/10/2025 6:11 AM"
,,"429","Implemented","11/10/2025 6:11 AM"
,,"418","Implemented","11/10/2025 6:11 AM"
,,"420","Implemented","11/10/2025 6:11 AM"
,,"428","Design","11/10/2025 6:11 AM"
,,"426","Implemented","11/10/2025 6:11 AM"
,,"425","Implemented","11/10/2025 6:11 AM"
,,"431","Implemented","11/10/2025 6:11 AM"
,,"414","Implemented","11/10/2025 6:11 AM"
,,"404","Implemented","11/10/2025 6:11 AM"
,,"430","Implemented","11/10/2025 6:11 AM"
,,"424","Implemented","11/10/2025 6:11 AM"
,,"412","Implemented","11/10/2025 6:11 AM"
,,"419","Implemented","11/10/2025 6:11 AM"
,,"427","Design","11/10/2025 6:11 AM"
,,"429","Implemented","11/10/2025 6:11 AM"
,,"428","Design","11/10/2025 6:11 AM"
,,"420","Implemented","11/10/2025 6:11 AM"
,,"426","Implemented","11/10/2025 6:11 AM"
,,"414","Implemented","11/10/2025 6:11 AM"
,,"425","Implemented","11/10/2025 6:11 AM"
,,"431","Implemented","11/10/2025 6:11 AM"
,,"418","Implemented","11/10/2025 6:11 AM"
,,"430","Implemented","11/10/2025 6:11 AM"
,,"424","Implemented","11/10/2025 6:11 AM"
,,"412","Implemented","11/10/2025 6:11 AM"
,,"404","Implemented","11/10/2025 6:11 AM"
,,"419","Implemented","11/10/2025 6:11 AM"
,,"426","Implemented","11/10/2025 6:11 AM"
,,"425","Implemented","11/10/2025 6:11 AM"
,,"432","Implemented","11/10/2025 6:11 AM"
,,"418","Implemented","11/10/2025 6:11 AM"
,,"431","Implemented","11/10/2025 6:11 AM"
,,"427","Implemented","11/10/2025 6:11 AM"
,,"404","Implemented","11/10/2025 6:11 AM"
,,"428","Design","11/10/2025 6:11 AM"
,,"420","Implemented","11/10/2025 6:11 AM"
,,"412","Implemented","11/10/2025 6:11 AM"
,,"419","Implemented","11/10/2025 6:11 AM"
,,"429","Implemented","11/10/2025 6:11 AM"
,,"426","Implemented","11/10/2025 6:11 AM"
,,"425","Implemented","11/10/2025 6:11 AM"
,,"418","Implemented","11/10/2025 6:11 AM"
,,"431","Implemented","11/10/2025 6:11 AM"
,,"435","Implemented","11/10/2025 6:11 AM"
,,"428","Design","11/10/2025 6:12 AM"
,,"427","Implemented","11/10/2025 6:12 AM"
,,"404","Implemented","11/10/2025 6:12 AM"
,,"419","Implemented","11/10/2025 6:12 AM"
,,"420","Implemented","11/10/2025 6:12 AM"
,,"412","Implemented","11/10/2025 6:12 AM"
,,"429","Implemented","11/10/2025 6:12 AM"
,,"427","Implemented","11/10/2025 6:12 AM"
,,"428","Design","11/10/2025 6:12 AM"
,,"404","Implemented","11/10/2025 6:12 AM"
,,"418","Implemented","11/10/2025 6:12 AM"
,,"420","Implemented","11/10/2025 6:12 AM"
,,"412","Implemented","11/10/2025 6:12 AM"
,,"419","Implemented","11/10/2025 6:12 AM"
,,"429","Implemented","11/10/2025 6:12 AM"
,,"428","Design","11/10/2025 6:12 AM"
,,"404","Implemented","11/10/2025 6:12 AM"
,,"418","Implemented","11/10/2025 6:12 AM"
,,"420","Implemented","11/10/2025 6:12 AM"
,,"427","Implemented","11/10/2025 6:12 AM"
,,"419","Implemented","11/10/2025 6:12 AM"
,,"429","Implemented","11/10/2025 6:12 AM"
,,"404","Implemented","11/10/2025 6:12 AM"
,,"418","Implemented","11/10/2025 6:12 AM"
,,"427","Implemented","11/10/2025 6:12 AM"
,,"429","Implemented","11/10/2025 6:12 AM"
,,"419","Implemented","11/10/2025 6:12 AM"
,,"428","Implemented","11/10/2025 6:12 AM"
,,"418","Implemented","11/10/2025 6:12 AM"
,,"427","Implemented","11/10/2025 6:12 AM"
,,"429","Implemented","11/10/2025 6:12 AM"
,,"428","Implemented","11/10/2025 6:12 AM"
,,"427","Implemented","11/10/2025 6:12 AM"
,,"418","Implemented","11/10/2025 6:12 AM"
,,"428","Implemented","11/10/2025 6:12 AM"
,,"427","Implemented","11/10/2025 6:12 AM"
,,"428","Implemented","11/10/2025 6:12 AM"
,,"427","Implemented","11/10/2025 6:12 AM"
,,"428","Implemented","11/10/2025 6:12 AM"
,,"428","Implemented","11/10/2025 6:12 AM"
,,"428","Implemented","11/10/2025 6:12 AM"
,,"428","Implemented","11/10/2025 6:12 AM"
,,"428","Implemented","11/10/2025 6:12 AM"
,,"356","Diagnose","11/10/2025 8:24 AM"
,,"356","Design","11/10/2025 8:24 AM"
,,"356","Implemented","11/10/2025 8:24 AM"
"11/11/2025","11/20/2025","436","Idea","11/11/2025 1:04 AM"
,,"436","Diagnose","11/11/2025 1:04 AM"
,,"436","Design","11/11/2025 1:04 AM"
,,"436","Implemented","11/11/2025 1:04 AM"
"11/11/2025","11/20/2025","437","Idea","11/11/2025 1:28 AM"
,,"437","Diagnose","11/11/2025 1:28 AM"
,,"437","Design","11/11/2025 1:28 AM"
,,"437","Implemented","11/11/2025 1:28 AM"
"11/20/2025","12/25/2025","438","Idea","11/11/2025 1:32 AM"
,,"438","Diagnose","11/11/2025 1:32 AM"
,,"438","Design","11/11/2025 1:32 AM"
,,"438","Implemented","11/11/2025 1:32 AM"
"11/12/2025","11/18/2025","439","Idea","11/12/2025 5:54 AM"
,,"439","Diagnose","11/12/2025 5:54 AM"
,,"439","Design","11/12/2025 5:54 AM"
,,"439","Implemented","11/12/2025 5:54 AM"
"11/13/2025","11/27/2025","440","Idea","11/12/2025 9:12 AM"
,,"440","Diagnose","11/12/2025 9:12 AM"
,,"440","Design","11/12/2025 9:12 AM"
,,"440","Implemented","11/12/2025 9:12 AM"
"11/13/2025","11/27/2025","441","Idea","11/12/2025 11:26 AM"
,,"441","Diagnose","11/12/2025 11:26 AM"
,,"441","Design","11/12/2025 11:26 AM"
,,"441","Implemented","11/12/2025 11:26 AM"
"11/13/2025","11/27/2025","442","Idea","11/13/2025 12:59 AM"
,,"442","Diagnose","11/13/2025 12:59 AM"
,,"442","Design","11/13/2025 12:59 AM"
,,"442","Implemented","11/13/2025 1:00 AM"
"11/13/2025","11/17/2025","443","Idea","11/13/2025 10:34 AM"
,,"443","Diagnose","11/13/2025 10:34 AM"
,,"443","Design","11/13/2025 10:34 AM"
,,"443","Implemented","11/13/2025 10:34 AM"
"11/13/2025","11/15/2025","444","Idea","11/13/2025 12:49 PM"
,,"444","Diagnose","11/13/2025 12:49 PM"
,,"444","Design","11/13/2025 12:49 PM"
,,"444","Implemented","11/13/2025 12:49 PM"
"11/13/2025","11/13/2025","445","Idea","11/13/2025 12:53 PM"
,,"445","Diagnose","11/13/2025 12:53 PM"
,,"445","Design","11/13/2025 12:53 PM"
,,"445","Implemented","11/13/2025 12:53 PM"
"11/14/2025","11/20/2025","446","Idea","11/14/2025 12:03 AM"
,,"446","Diagnose","11/14/2025 12:03 AM"
,,"446","Design","11/14/2025 12:03 AM"
,,"446","Implemented","11/14/2025 12:03 AM"
"11/15/2025","11/30/2025","447","Idea","11/14/2025 12:27 AM"
"11/15/2025","11/29/2025","447","Diagnose","11/14/2025 12:27 AM"
"11/15/2025","11/30/2025","447","Design","11/14/2025 12:27 AM"
"11/15/2025","11/30/2025","447","Implemented","11/14/2025 12:27 AM"
"11/14/2025","11/27/2025","448","Idea","11/14/2025 1:17 AM"
,,"448","Diagnose","11/14/2025 1:17 AM"
,,"448","Design","11/14/2025 1:17 AM"
,,"448","Implemented","11/14/2025 1:17 AM"
"11/15/2025","11/30/2025","449","Idea","11/14/2025 3:38 AM"
,,"449","Diagnose","11/14/2025 3:38 AM"
,,"449","Design","11/14/2025 3:38 AM"
,,"449","Implemented","11/14/2025 3:38 AM"
"11/14/2025","11/27/2025","450","Idea","11/14/2025 8:15 AM"
,,"450","Diagnose","11/14/2025 8:15 AM"
,,"450","Design","11/14/2025 8:15 AM"
,,"450","Implemented","11/14/2025 8:15 AM"
"11/14/2025","11/27/2025","451","Idea","11/14/2025 9:55 AM"
,,"451","Diagnose","11/14/2025 9:55 AM"
,,"451","Design","11/14/2025 9:55 AM"
,,"451","Implemented","11/14/2025 9:55 AM"
"11/14/2025","11/27/2025","452","Idea","11/14/2025 10:11 AM"
,,"452","Diagnose","11/14/2025 10:11 AM"
,,"452","Design","11/14/2025 10:11 AM"
,,"452","Implemented","11/14/2025 10:11 AM"
"11/14/2025","11/27/2025","453","Idea","11/14/2025 10:24 AM"
,,"453","Diagnose","11/14/2025 10:24 AM"
,,"453","Design","11/14/2025 10:24 AM"
,,"453","Implemented","11/14/2025 10:24 AM"
"11/14/2025","11/27/2025","454","Idea","11/14/2025 10:42 AM"
,,"454","Diagnose","11/14/2025 10:42 AM"
,,"454","Design","11/14/2025 10:42 AM"
,,"454","Implemented","11/14/2025 10:42 AM"
"11/21/2025","11/30/2025","455","Idea","11/20/2025 3:22 AM"
"11/22/2025","11/30/2025","456","Idea","11/20/2025 3:24 AM"
,,"456","Diagnose","11/20/2025 3:24 AM"
,,"456","Design","11/20/2025 3:24 AM"
,,"456","Implemented","11/20/2025 3:24 AM"
"11/21/2025","11/30/2025","457","Idea","11/20/2025 3:47 AM"
,,"457","Diagnose","11/20/2025 3:47 AM"
,,"457","Design","11/20/2025 3:47 AM"
,,"457","Implemented","11/20/2025 3:47 AM"
"11/21/2025","11/25/2025","458","Idea","11/21/2025 6:19 AM"
,,"458","Diagnose","11/21/2025 6:19 AM"
,,"458","Design","11/21/2025 6:19 AM"
,,"458","Implemented","11/21/2025 6:19 AM"
"11/21/2025","11/25/2025","459","Idea","11/21/2025 6:20 AM"
,,"459","Diagnose","11/21/2025 6:20 AM"
,,"459","Design","11/21/2025 6:20 AM"
,,"459","Implemented","11/21/2025 6:20 AM"
"11/21/2025","11/25/2025","460","Idea","11/21/2025 6:27 AM"
,,"460","Diagnose","11/21/2025 6:27 AM"
,,"460","Design","11/21/2025 6:27 AM"
,,"460","Implemented","11/21/2025 6:27 AM"
"11/22/2025","11/25/2025","461","Idea","11/21/2025 12:54 PM"
,,"461","Diagnose","11/21/2025 12:54 PM"
,,"461","Design","11/21/2025 12:54 PM"
,,"461","Implemented","11/21/2025 12:54 PM"
"11/22/2025","11/26/2025","462","Idea","11/22/2025 4:43 AM"
,,"462","Diagnose","11/22/2025 4:43 AM"
,,"462","Design","11/22/2025 4:43 AM"
,,"462","Implemented","11/22/2025 4:43 AM"
"11/24/2025","11/30/2025","463","Idea","11/24/2025 1:13 AM"
"11/25/2025","11/30/2025","463","Diagnose","11/24/2025 1:13 AM"
"11/26/2025","11/30/2025","463","Design","11/24/2025 1:13 AM"
"11/27/2025","11/30/2025","463","Implemented","11/24/2025 1:13 AM"
"11/25/2025","11/30/2025","464","Idea","11/24/2025 3:09 AM"
,,"464","Diagnose","11/24/2025 3:09 AM"
,,"464","Design","11/24/2025 3:09 AM"
,,"464","Implemented","11/24/2025 3:09 AM"
"11/25/2025","11/30/2025","465","Idea","11/24/2025 3:25 AM"
,,"465","Diagnose","11/24/2025 3:25 AM"
,,"465","Design","11/24/2025 3:25 AM"
,,"465","Implemented","11/24/2025 3:25 AM"
"12/1/2025","7/1/2026","466","Idea","11/24/2025 4:33 AM"
,,"466","Diagnose","11/24/2025 4:33 AM"
,,"466","Design","11/24/2025 4:33 AM"
,,"466","Implemented","11/24/2025 4:33 AM"
"11/24/2025","11/30/2025","467","Idea","11/24/2025 5:46 AM"
"11/26/2025","12/1/2025","467","Diagnose","11/24/2025 5:46 AM"
"11/27/2025","11/27/2025","467","Design","11/24/2025 5:46 AM"
"11/26/2025","12/1/2025","467","Implemented","11/24/2025 5:46 AM"
"11/24/2025","11/29/2025","468","Idea","11/24/2025 6:45 AM"
,,"468","Diagnose","11/24/2025 6:45 AM"
,,"468","Design","11/24/2025 6:45 AM"
,,"468","Implemented","11/24/2025 6:45 AM"
"11/26/2025","12/1/2025","469","Idea","11/24/2025 7:11 AM"
,,"469","Diagnose","11/24/2025 7:11 AM"
,,"469","Design","11/24/2025 7:11 AM"
,,"469","Implemented","11/24/2025 7:11 AM"
"11/24/2025","11/29/2025","470","Idea","11/24/2025 7:18 AM"
,,"470","Diagnose","11/24/2025 7:18 AM"
,,"470","Design","11/24/2025 7:18 AM"
,,"470","Implemented","11/24/2025 7:19 AM"
